apart_id,City,City_Size,District,Apartment_Size,Floor,Rooms,Distance_to_Center,Date_Built,Has_Balcony,Has_Elevator,Has_Parking,Rent_Price
1,Hamburg,medium,elite,35,20,1,19.0395219076471,2023-08-20,1,0,0,776.4110899077997
2,Düsseldorf,small,standard,86,17,5,8.469641464283212,1964-04-20,0,1,1,1003.2331922719483
3,Munich,large,remote,76,13,3,9.600321538701852,2019-06-28,0,0,0,897.2412586046835
4,Düsseldorf,small,elite,77,1,5,1.5278409021420605,1976-10-10,0,0,0,929.2413281929829
5,Berlin,large,remote,71,2,3,1.2325414761076214,2018-12-03,0,0,1,1021.6743595492447
6,Cologne,small,standard,105,15,2,14.485038217411775,2023-07-25,0,0,0,910.658281111556
7,Hamburg,large,remote,89,12,4,10.99284595036167,2014-02-04,0,0,1,1179.9406864505156
8,Stuttgart,medium,elite,106,14,1,10.4197666922172,1961-10-06,0,0,0,1179.1277068998268
9,Munich,medium,standard,33,2,4,5.2409283432420395,2005-06-06,0,0,0,733.6236878066484
10,Hamburg,small,standard,31,18,1,15.022639266783484,2001-02-26,0,0,1,521.4680288728108
11,Stuttgart,medium,standard,119,7,5,3.7806132926155915,2019-05-01,1,0,0,1161.679446545405
12,Cologne,large,remote,88,6,5,4.20372750138989,1986-10-18,0,0,1,1008.7017706992295
13,Düsseldorf,large,remote,56,14,1,9.483887341291371,2017-03-17,0,0,1,868.4082151750429
14,Cologne,medium,elite,56,8,4,6.082457311182847,2022-09-25,0,0,1,1070.54185946791
15,Frankfurt,medium,standard,108,2,1,5.325528134046354,2023-08-17,1,0,0,1243.3291757789323
16,Berlin,large,standard,101,17,2,13.082134068789967,2018-01-10,0,1,1,1203.6334008944193
17,Frankfurt,large,standard,36,5,5,13.193949031761617,2006-08-22,1,1,1,893.9021263972595
18,Munich,medium,remote,92,14,2,16.57808286109862,1944-12-13,1,1,0,908.6597892096215
19,Hamburg,medium,remote,75,20,5,8.64531705597303,1921-01-02,0,0,1,792.1149295660409
20,Munich,medium,standard,92,3,5,1.9251592750099298,1992-01-03,0,1,1,1231.6666070380945
21,Düsseldorf,medium,remote,41,5,3,5.836494505968425,2016-01-11,0,0,1,714.1755458765617
22,Stuttgart,small,standard,42,16,2,19.61010653233793,1928-12-14,1,0,1,592.5820417642843
23,Cologne,medium,remote,72,18,2,12.12704221703769,1990-08-24,0,1,1,731.9384565785897
24,Frankfurt,medium,standard,46,17,3,14.339873153619894,2018-11-23,1,0,1,804.8295261376628
25,Frankfurt,large,remote,92,11,4,0.6434776776955835,2015-10-20,0,1,0,1181.889430121291
26,Düsseldorf,small,remote,110,17,2,10.605011777559156,1963-02-24,0,1,0,851.0637533724811
27,Frankfurt,medium,standard,65,16,1,1.2318088218701608,1913-09-12,0,0,1,900.6458950566578
28,Düsseldorf,medium,remote,114,2,3,11.599989135783236,1976-04-16,0,0,1,1050.635659528851
29,Munich,medium,elite,37,4,2,18.455031567903468,2012-07-22,1,0,1,751.6168231450627
30,Cologne,small,standard,98,7,4,19.384173044757954,2023-02-09,0,1,0,939.5483199295164
31,Hamburg,medium,standard,119,2,2,11.040777170084022,1986-05-13,1,0,1,1169.9850337905048
32,Stuttgart,medium,remote,109,6,5,9.434993702418211,1986-05-27,0,1,1,1033.2216519512579
33,Hamburg,medium,remote,65,17,1,18.927833337845634,1978-09-29,0,1,0,647.527746365264
34,Munich,medium,remote,57,7,3,13.635391723935555,1960-05-24,1,1,1,806.5483957820387
35,Stuttgart,medium,remote,76,5,5,1.7655359509989845,2022-04-01,0,1,1,1105.3382397414791
36,Frankfurt,large,standard,105,5,4,9.581648764516203,1999-10-10,0,1,0,1246.7583743278697
37,Berlin,small,remote,59,20,5,5.184777860053926,1965-03-01,1,1,0,711.4379583024339
38,Munich,large,standard,52,16,5,9.66118426824929,2000-06-15,1,0,1,1039.169186592081
39,Munich,medium,standard,45,19,4,9.381578654124054,1990-11-24,1,1,0,839.350236162047
40,Cologne,small,elite,43,9,5,11.85182365488747,1974-07-01,0,1,1,861.2060125225032
41,Hamburg,small,remote,103,5,3,7.457024561810399,1996-03-21,0,1,0,957.7635744901141
42,Munich,medium,remote,100,8,2,3.7032737643905973,1976-02-15,1,0,1,922.8101840825075
43,Munich,large,standard,81,9,5,10.322528974504147,1999-02-15,1,1,0,1080.0707286072072
44,Frankfurt,large,elite,66,5,3,16.68895624474236,1955-07-28,0,0,0,1026.8296986943458
45,Frankfurt,large,remote,58,10,2,13.448238447318245,1978-01-30,0,0,0,791.1004791340683
46,Stuttgart,medium,elite,96,2,2,7.098173385541709,1977-09-04,0,1,0,1125.3304687591904
47,Düsseldorf,medium,remote,44,9,5,18.742698943797716,1977-11-11,0,0,0,528.3935347873322
48,Düsseldorf,small,remote,76,11,3,18.288047639359053,2022-05-16,1,1,1,671.8076926019404
49,Berlin,medium,standard,75,4,5,4.582293787989926,2015-11-27,0,0,1,1001.258397743781
50,Düsseldorf,medium,standard,81,2,4,1.268642909847078,2009-06-18,0,0,0,1146.3480572023172
51,Cologne,small,remote,48,6,2,14.955519812839864,1988-08-17,1,1,0,653.6914714082177
52,Berlin,small,remote,106,14,5,16.638400096308487,2023-01-26,0,1,1,993.6368490963363
53,Stuttgart,medium,standard,50,1,2,19.37335903605143,1990-02-19,0,0,0,734.3862641289847
54,Frankfurt,large,remote,93,18,3,17.85180968472206,2020-10-07,0,0,0,986.8558703204139
55,Düsseldorf,large,elite,66,7,1,12.21042798002509,1952-01-10,1,1,0,1211.5996545870003
56,Hamburg,large,standard,56,1,5,10.836020614641425,2008-12-10,0,0,0,933.502956820697
57,Frankfurt,medium,remote,84,1,5,1.0429004996204327,1951-10-29,0,0,1,944.7096289284517
58,Cologne,medium,remote,58,1,2,5.309800713473168,1917-06-20,0,0,1,816.0348686963689
59,Frankfurt,medium,elite,49,4,3,9.462487658792066,1947-10-27,0,1,1,1005.5671352681736
60,Cologne,large,remote,54,4,4,12.755826051629573,2002-12-23,1,0,1,838.4435073480938
61,Cologne,small,standard,99,18,3,11.366410749709008,2003-08-02,1,0,0,935.7574383859085
62,Cologne,medium,standard,92,11,5,14.981401798792966,1975-11-21,0,1,0,983.6287836336144
63,Stuttgart,large,elite,65,1,4,5.955455152297296,1963-02-24,1,0,0,1177.52039182361
64,Cologne,medium,remote,31,10,3,11.516575849223228,2023-04-18,0,0,0,630.2387939408458
65,Cologne,medium,elite,51,9,1,2.2187737461204464,1972-01-30,0,0,1,916.6038825294155
66,Hamburg,medium,standard,45,4,2,8.566477709872537,2013-05-24,0,1,1,950.4155262544407
67,Berlin,small,standard,47,6,3,15.128136242614719,2014-06-08,0,0,1,627.6603911040103
68,Munich,medium,remote,98,16,3,14.021316641866358,1959-05-30,0,1,1,925.0335837369074
69,Berlin,medium,standard,83,2,1,19.81753337485749,2019-12-19,1,0,0,870.1919482520342
70,Cologne,small,remote,59,18,5,5.918876956761242,2003-12-16,0,1,1,881.227672229242
71,Hamburg,small,standard,74,10,2,10.214691333892594,2018-07-14,0,0,1,857.9566201754724
72,Frankfurt,large,standard,48,17,3,6.925843068592936,2019-08-29,0,0,1,906.6928152799924
73,Hamburg,small,standard,116,13,4,9.091760724153907,2018-03-25,1,1,0,1170.2785702565832
74,Cologne,medium,remote,63,18,3,17.210527532453067,2016-04-15,0,0,1,758.351513640971
75,Hamburg,small,remote,42,13,2,13.842076966175489,2020-10-21,1,0,1,591.1928791592509
76,Düsseldorf,large,elite,72,17,3,17.707603231277844,1984-05-07,1,1,1,1175.9543033263908
77,Hamburg,small,standard,91,5,1,4.4684666124717864,1971-08-15,1,0,0,943.5507358337389
78,Cologne,medium,elite,51,11,3,17.53054179790804,1935-09-09,0,0,1,791.548668273457
79,Stuttgart,large,standard,81,7,3,1.6653643464784962,2008-08-20,1,1,0,1120.8355238069119
80,Düsseldorf,large,standard,81,10,4,17.827685968524474,1986-09-27,1,1,0,982.5255861037771
81,Hamburg,small,standard,65,17,1,6.916938699484194,1989-02-19,1,1,0,969.7121532886923
82,Munich,large,standard,102,15,1,6.634458851574296,2016-07-07,1,1,0,1362.7268428703728
83,Munich,medium,standard,48,18,3,10.485727245623947,2021-04-22,0,0,1,817.9321599762087
84,Hamburg,medium,standard,67,19,4,18.84345866060302,1986-02-24,1,1,1,981.7119857534617
85,Stuttgart,small,remote,99,2,3,1.4317366112874046,2008-08-17,1,0,1,995.6789095567107
86,Frankfurt,small,standard,108,4,3,7.368504013879534,1941-10-26,0,0,0,963.6444447328092
87,Cologne,large,elite,86,3,2,17.203153779325046,1961-10-08,0,1,1,1150.2939946300273
88,Munich,medium,remote,49,7,2,8.223062309991601,1905-10-30,0,0,1,678.0232971339058
89,Frankfurt,medium,standard,38,18,4,4.3835595031428065,1999-08-10,0,0,0,773.9045887905629
90,Hamburg,large,standard,61,10,5,8.78348653596253,2005-02-25,1,0,0,1065.8350399978524
91,Frankfurt,large,standard,33,7,2,8.01827377908755,1926-11-13,0,1,1,864.3240449069347
92,Düsseldorf,small,standard,79,8,5,18.350615928600718,1975-04-26,1,1,0,863.617928935683
93,Berlin,medium,elite,111,6,1,15.357720326990393,1997-10-26,0,0,0,1190.4918229939626
94,Munich,small,standard,34,1,2,10.349753337008124,1993-06-06,0,0,1,651.4117564126554
95,Hamburg,large,remote,49,4,2,19.773226051070637,1962-11-09,1,0,1,698.7541731938817
96,Cologne,medium,standard,116,14,4,9.572911859880504,2007-08-24,0,0,0,1059.127586952993
97,Stuttgart,large,standard,104,17,5,1.6356377009953669,1955-08-27,0,1,0,1267.5826547304116
98,Düsseldorf,small,standard,66,20,2,5.614349275392206,1974-03-01,0,0,1,821.2936920048312
99,Hamburg,small,elite,51,18,2,9.003374364276596,2010-04-20,0,1,1,883.33582780324
100,Cologne,small,standard,87,11,4,3.559601170849342,1975-01-14,0,1,0,965.1012863290773
101,Stuttgart,small,remote,97,14,4,18.977519963318837,2013-01-09,1,0,0,919.90348337514
102,Stuttgart,small,elite,73,9,5,15.453553507446575,1962-05-14,1,1,0,853.9531521434674
103,Hamburg,large,standard,63,15,1,5.731600408341567,1996-07-07,0,0,1,925.186682425528
104,Düsseldorf,small,standard,106,12,1,12.020688403599358,1999-07-08,0,0,1,994.9119576399869
105,Frankfurt,small,standard,71,10,3,14.568258563636654,2019-10-15,0,1,0,778.9962866342237
106,Frankfurt,large,remote,38,19,2,18.854939113682562,1975-03-12,0,0,1,673.754002349672
107,Stuttgart,medium,elite,36,19,5,17.69188930892051,1999-05-18,0,0,0,770.775258024995
108,Frankfurt,large,standard,97,6,2,10.546248409695167,1995-02-28,0,0,0,1180.2427506619933
109,Berlin,small,elite,48,20,5,15.605726085963843,2024-03-09,0,1,1,729.5814481211647
110,Stuttgart,medium,remote,60,6,5,11.461822699637908,1979-11-05,0,1,0,726.0458781107627
111,Stuttgart,small,elite,64,8,5,11.277725855888033,1944-03-21,0,0,1,869.6608043851578
112,Cologne,small,standard,86,1,2,2.737468187594742,1992-06-13,0,1,0,1016.1484979084139
113,Frankfurt,large,remote,114,17,4,2.9596843313149654,2015-12-21,0,1,1,1366.5756342012696
114,Düsseldorf,small,remote,90,17,2,10.82590549293792,2023-09-29,1,0,1,920.0261436263141
115,Stuttgart,medium,standard,60,15,5,5.742800127090629,2015-12-21,0,1,0,926.2325689347798
116,Düsseldorf,medium,standard,112,7,3,0.9102195979791383,2015-09-07,0,0,0,1152.8760163730756
117,Berlin,medium,standard,82,19,1,14.59536447605414,2021-03-28,0,1,1,955.3318626035077
118,Cologne,large,standard,61,3,5,1.1334886354582168,1925-11-28,0,0,0,965.5299724975627
119,Hamburg,small,standard,95,11,3,12.107898401529063,2006-12-08,0,0,1,958.6826974103974
120,Düsseldorf,medium,standard,88,20,4,11.01427898548263,2005-01-20,1,1,1,1104.2070824244652
121,Stuttgart,large,standard,39,19,5,19.391886466267188,2004-03-14,0,1,1,745.8986567952192
122,Berlin,medium,standard,31,9,3,9.942156217279011,2020-09-06,0,0,1,712.7833643726882
123,Munich,large,standard,95,10,5,1.7402280093670486,1957-03-20,0,0,1,1248.9750975789007
124,Berlin,small,remote,89,2,2,11.257915372226003,1937-11-05,1,0,1,837.503964026443
125,Berlin,medium,standard,117,1,3,16.901375327013977,1930-11-21,0,1,1,1118.4184775304989
126,Cologne,small,elite,46,16,2,19.93856104348808,1970-10-26,0,1,1,743.7604750679823
127,Hamburg,large,elite,45,18,2,8.891691886936913,1984-09-13,0,0,1,1078.4046178610738
128,Munich,large,remote,45,17,3,6.745825478686479,2010-08-11,0,0,0,813.3438984043537
129,Frankfurt,small,standard,75,6,1,18.17973929056398,2015-06-30,0,0,1,750.4014672008253
130,Frankfurt,medium,elite,68,14,3,4.229221516984367,1981-03-12,0,0,0,981.4200327734782
131,Düsseldorf,small,standard,60,15,1,12.500863843142069,2004-06-11,0,0,0,728.4718344790649
132,Berlin,medium,standard,117,14,5,8.411431271528482,1971-05-18,0,0,0,1003.3504865459611
133,Cologne,medium,standard,30,3,5,1.301106116633328,2023-11-30,1,1,0,868.274488742031
134,Cologne,large,standard,40,19,3,7.272125248961106,1942-05-07,0,0,0,826.9867545143218
135,Frankfurt,medium,elite,114,12,5,5.671956188802154,2008-09-30,0,0,1,1218.0568954311145
136,Düsseldorf,medium,remote,33,2,4,13.878777501897993,1995-05-27,0,1,0,556.2989330482203
137,Düsseldorf,small,standard,100,3,2,19.001414704992403,1953-01-23,0,0,0,865.9687294574879
138,Düsseldorf,small,standard,55,18,2,5.7269201538834364,2021-08-27,1,0,0,828.7663859149137
139,Munich,small,remote,79,1,1,16.323585813457797,1998-06-13,1,0,0,724.8535585507884
140,Hamburg,small,standard,41,20,5,1.5795164302989857,1950-07-27,0,0,1,748.5222123936113
141,Munich,large,standard,110,6,1,10.993359695776357,1986-05-11,1,0,0,1226.6977824396827
142,Stuttgart,medium,standard,104,5,2,1.8757262423429444,1961-11-02,0,1,0,1222.8858657194862
143,Stuttgart,medium,standard,94,1,2,18.713643327047468,1960-11-23,0,0,1,938.0350258147078
144,Hamburg,small,remote,76,19,5,15.44384997086911,1951-04-04,0,0,1,597.1508446003713
145,Frankfurt,large,remote,82,1,4,13.330023268489551,2021-08-30,1,0,0,1057.706265558825
146,Hamburg,large,elite,100,16,4,16.565979441680952,2012-06-09,1,1,0,1287.8572189496329
147,Cologne,small,elite,31,12,5,13.126636013618182,2016-09-22,0,1,1,711.2709533240649
148,Stuttgart,large,remote,53,8,5,19.394415744898676,2001-09-14,0,0,0,647.8857566362624
149,Berlin,medium,remote,33,16,1,14.422179983363044,1979-08-26,0,0,1,599.0739112142718
150,Berlin,small,remote,48,1,5,18.53084288685381,2021-08-08,0,0,1,528.3329708827431
151,Frankfurt,medium,standard,55,4,4,10.584071894207442,1975-05-25,0,0,1,904.366620359546
152,Cologne,medium,standard,104,10,5,2.7827560531463216,1926-05-24,0,0,1,1106.8770754351954
153,Munich,small,remote,69,11,1,10.799465567748834,1951-07-13,0,0,1,639.6363048383882
154,Cologne,large,standard,79,17,1,2.9740201472303194,2006-04-21,0,0,1,1182.0496094394932
155,Berlin,large,standard,72,7,1,12.053622843939898,1978-10-18,1,1,0,1103.7278661964424
156,Berlin,medium,elite,104,12,1,9.908614680289427,2024-07-25,1,0,0,1230.3464215776155
157,Stuttgart,medium,standard,96,7,3,12.640220257739243,1960-02-09,0,0,1,1036.415649806353
158,Cologne,medium,standard,41,12,5,0.6959161305692161,2016-02-01,0,1,1,913.156482657196
159,Cologne,medium,standard,96,15,2,4.2993895872796,2017-04-15,1,1,1,1216.1993591776663
160,Berlin,medium,remote,56,2,5,10.080943422286552,2006-06-18,1,1,0,869.4401099053306
161,Munich,small,standard,83,14,3,19.03481945098813,2021-02-03,0,0,1,835.4177221911939
162,Frankfurt,medium,remote,95,13,1,7.980376286925589,1950-02-03,1,1,1,1020.7325152141128
163,Düsseldorf,large,elite,78,4,3,8.775254508045876,2005-11-29,0,0,0,1211.365582215849
164,Frankfurt,medium,standard,45,14,4,14.436573735629132,1996-11-03,0,0,0,599.391494004133
165,Cologne,small,remote,31,14,4,12.273958767079302,2019-07-15,0,0,1,613.3640779003038
166,Frankfurt,large,elite,89,16,5,6.329059926917498,1958-12-12,0,0,1,1144.4114459862883
167,Berlin,small,elite,83,7,5,8.510919713564842,1978-08-17,0,1,1,996.5361616257368
168,Berlin,small,standard,59,19,2,4.745146077716033,1998-01-06,0,0,0,783.5026624630863
169,Cologne,small,elite,113,2,2,19.337418453039067,2020-07-03,0,0,0,1013.3017819332013
170,Cologne,medium,remote,67,10,4,3.047370440368515,1969-09-16,0,0,1,908.3468475976426
171,Düsseldorf,large,remote,57,18,1,7.750817299045179,2015-06-14,0,1,0,841.0999960790365
172,Düsseldorf,medium,standard,54,17,3,1.0038599582902181,1980-09-14,1,0,1,981.999741291251
173,Stuttgart,small,standard,39,5,2,4.824700092704155,1961-03-12,1,0,1,717.3423941619708
174,Cologne,large,standard,89,12,2,15.719187198413021,2017-11-28,1,0,1,1130.0651769827407
175,Munich,large,remote,71,6,1,4.422917029633149,1989-04-28,1,0,1,1021.0322167137746
176,Frankfurt,large,elite,69,9,1,2.061236349314829,2022-06-18,0,0,1,1209.0344191410006
177,Cologne,small,standard,106,20,5,9.751837006968204,1964-11-04,0,0,1,955.9853883071006
178,Hamburg,medium,standard,71,1,3,0.6944000773231107,2017-03-23,0,0,1,1000.0528017219649
179,Stuttgart,large,standard,76,15,1,2.152940011313497,1928-04-26,0,0,1,1105.8342255882364
180,Hamburg,large,standard,66,6,2,16.248704456478016,1937-12-28,0,1,0,962.1987307230221
181,Berlin,small,remote,109,19,2,15.543730224762324,2015-07-09,0,1,1,876.1487310424843
182,Düsseldorf,small,elite,51,18,4,18.345206997895474,1976-02-25,0,1,1,725.1095527923998
183,Frankfurt,medium,elite,86,6,1,17.163051000259614,2006-09-18,1,1,0,1121.0424982809957
184,Cologne,large,remote,113,13,5,13.821923483176453,2023-06-05,1,1,0,1165.6555705153512
185,Hamburg,medium,remote,56,1,3,1.5204907173629254,2001-07-21,0,0,0,845.8199995256684
186,Frankfurt,medium,elite,70,13,5,15.765548050739822,2022-03-30,0,1,1,967.0546588240444
187,Berlin,small,standard,109,7,2,16.98746081139093,2007-06-22,1,0,1,908.6534456149192
188,Düsseldorf,medium,standard,63,15,5,16.08210184255311,2006-07-10,1,1,0,859.5287774831522
189,Munich,large,standard,61,12,2,10.415341188506508,2019-03-16,0,1,0,951.0289576516841
190,Stuttgart,medium,standard,119,1,2,5.041585853664892,2017-08-10,1,1,1,1308.144721459336
191,Frankfurt,large,elite,118,15,2,16.98393452593017,1968-01-25,0,1,0,1251.3183940271788
192,Frankfurt,large,standard,95,4,2,14.679674789932701,2021-09-26,0,0,1,1144.7540996674954
193,Munich,small,remote,41,13,2,19.624842900582607,1908-01-03,0,0,0,387.3440578730481
194,Frankfurt,medium,standard,69,5,4,3.536005656240692,1998-04-02,0,1,0,995.1636683762881
195,Berlin,small,standard,102,2,5,4.900459369515073,2011-08-05,0,0,0,1013.3771342268964
196,Berlin,large,elite,105,1,4,4.630063922689303,2010-04-23,0,0,0,1332.4471153937163
197,Munich,medium,remote,119,16,4,15.954525468616065,2021-02-18,0,0,0,983.7482897910907
198,Stuttgart,medium,remote,102,6,1,4.144692280777305,2013-07-19,0,0,1,1069.5831117127427
199,Cologne,large,remote,39,16,1,1.7998666815544688,1969-02-09,1,0,1,840.7185764931648
200,Hamburg,medium,remote,77,14,1,19.97193572841976,2011-10-03,0,0,1,829.7515390484965
201,Cologne,large,remote,49,3,3,0.9839356231804084,1928-01-10,0,0,1,856.3337745997692
202,Frankfurt,medium,standard,68,15,1,16.78725917309788,1980-07-27,0,1,0,775.5499513740871
203,Hamburg,small,standard,89,3,5,7.6246534102377295,1973-05-22,0,0,1,933.6571337472113
204,Munich,medium,standard,95,2,4,16.911501465277397,1958-01-04,0,0,1,911.3259612248518
205,Munich,large,remote,94,1,5,11.315099578617327,1976-01-29,1,0,0,1067.1157309392704
206,Stuttgart,medium,remote,80,9,1,18.08180897498402,1977-04-12,0,0,0,857.1621890522787
207,Hamburg,large,standard,65,9,3,18.56076323508522,2019-08-23,0,0,1,878.5637630712553
208,Berlin,large,elite,53,7,3,0.6774145349751319,1999-06-24,0,1,1,1183.344471311448
209,Hamburg,small,standard,56,3,4,1.9705374318593711,2021-02-23,0,0,1,752.0193462461749
210,Frankfurt,large,remote,31,18,5,5.381995226631682,1988-04-22,1,0,0,806.8753092057506
211,Berlin,small,standard,60,11,2,13.551650619088283,1944-09-04,0,0,1,661.1978038191327
212,Düsseldorf,small,standard,86,7,5,17.821307831974366,1972-12-07,1,0,0,795.5451907585323
213,Düsseldorf,small,standard,107,9,1,9.468868050232274,2013-08-12,0,0,1,960.7469950056858
214,Düsseldorf,large,standard,95,1,2,12.335975767348176,2008-08-03,0,1,1,1201.247803629255
215,Munich,medium,remote,58,14,3,4.175747129513442,2021-06-17,1,0,0,898.1077465785287
216,Hamburg,small,standard,44,20,4,16.196853260692862,1980-05-21,0,0,1,618.2007281259968
217,Düsseldorf,medium,remote,41,6,4,19.36289817139266,1965-12-18,1,0,1,569.6496830192874
218,Cologne,medium,standard,57,7,3,5.73767919183465,2015-06-01,1,1,1,1073.5993598868465
219,Stuttgart,small,standard,113,10,1,10.149106056210654,2012-07-31,0,0,1,1000.9884330501606
220,Cologne,large,standard,53,7,3,2.1792641548742893,1952-07-22,0,0,0,850.1057434548851
221,Düsseldorf,large,remote,50,2,1,11.403164801027884,2015-07-01,0,0,1,835.3878024875746
222,Stuttgart,medium,standard,39,4,2,10.30427711601027,1978-04-02,0,0,1,694.7184951578215
223,Frankfurt,large,standard,107,17,3,3.316511441024013,1994-06-16,0,0,1,1317.2653252647185
224,Cologne,medium,standard,47,1,1,9.120291155802462,1974-08-24,0,1,0,790.7402036083045
225,Hamburg,large,remote,117,10,2,7.0150407156879835,2023-05-24,1,1,0,1285.5352548703302
226,Hamburg,medium,elite,43,19,3,10.675702068451193,1996-03-23,1,0,0,965.317996643096
227,Cologne,medium,remote,63,15,4,11.920259540861585,2011-06-16,0,0,0,679.8544613603481
228,Düsseldorf,small,standard,87,10,3,0.6656637828405854,2011-09-01,0,1,1,1014.546505626974
229,Hamburg,large,standard,105,19,5,15.33961666751633,1975-05-24,0,1,1,1164.3202796919834
230,Frankfurt,medium,elite,51,12,3,14.403778691303947,2003-03-20,0,1,1,998.3397790386778
231,Berlin,small,standard,99,16,5,7.642584531027183,1922-05-08,0,0,1,915.655018792706
232,Düsseldorf,small,standard,65,9,2,1.5322507435919561,2024-04-19,1,1,1,950.9523077666302
233,Frankfurt,medium,elite,74,15,3,15.221184525808482,1940-10-29,1,0,0,1000.6951835197056
234,Stuttgart,medium,standard,65,17,2,19.125915629323583,1970-04-15,0,0,0,728.8794074212357
235,Frankfurt,large,remote,51,14,2,5.182956122429276,2022-07-06,0,1,0,900.796732920588
236,Düsseldorf,large,elite,107,18,1,6.808729967872239,2020-01-30,0,0,1,1268.3358292728713
237,Stuttgart,small,remote,109,2,2,4.084351344895392,1997-12-03,1,1,0,1142.372983678876
238,Düsseldorf,large,standard,90,4,2,11.750254405224373,2014-07-17,0,0,0,1011.111994432286
239,Hamburg,small,standard,85,18,3,3.519407195625371,2016-07-13,1,1,0,1010.7182928442359
240,Berlin,large,standard,118,7,3,7.445781897496899,2019-07-24,1,0,1,1342.4181292329263
241,Düsseldorf,large,elite,62,13,4,14.091753771718128,2011-07-04,0,0,1,1139.2168690006583
242,Düsseldorf,medium,elite,74,15,1,11.422261668682294,2023-10-17,1,1,1,1060.03509426654
243,Hamburg,large,elite,65,1,2,8.036020004394738,1991-07-09,0,1,1,1248.3250067299903
244,Munich,medium,elite,49,11,1,8.694867235247067,1908-03-18,1,0,0,938.9101687026305
245,Hamburg,medium,standard,47,10,5,11.461162211152976,1981-09-30,0,1,1,840.7431441096326
246,Stuttgart,large,remote,67,5,2,0.6143621937996454,2010-06-18,0,0,1,953.6246937111057
247,Hamburg,medium,remote,96,16,1,2.030942434845392,2007-07-29,0,0,0,1030.7476377534497
248,Hamburg,medium,standard,52,11,4,17.684532321378725,1996-07-02,0,0,0,683.9803456652228
249,Berlin,medium,elite,45,6,4,2.01864028728017,2021-01-25,1,0,1,1097.646659787119
250,Hamburg,large,standard,88,9,2,14.28267012610485,1990-10-10,0,0,0,982.6201972835647
251,Düsseldorf,medium,standard,98,13,5,18.440744200126524,1973-09-15,0,0,1,955.4346332759305
252,Berlin,small,standard,97,8,4,5.778330283883757,2006-11-05,1,0,1,1021.4530427605038
253,Cologne,large,standard,50,14,4,7.7245830226605285,1984-01-15,0,1,1,924.378021652045
254,Munich,large,standard,107,1,5,11.593967413971967,2018-09-08,1,1,0,1294.126316705676
255,Berlin,small,standard,107,17,1,17.6933249079524,2008-02-19,0,0,0,927.8396882909577
256,Stuttgart,small,standard,99,5,4,18.867158951578194,2014-01-04,0,0,1,942.7789204292678
257,Cologne,small,remote,41,2,3,14.921483338169727,2019-09-24,1,0,0,465.2914112078943
258,Berlin,medium,remote,45,9,4,2.1890853366665333,2021-12-22,0,1,1,875.8176817503868
259,Berlin,medium,standard,110,4,1,13.548506032929591,1967-05-21,0,0,0,1162.2873849385487
260,Munich,large,remote,116,17,1,8.50092257651691,2017-12-30,0,1,1,1189.9087197759836
261,Düsseldorf,medium,remote,43,17,2,9.6786694900757,1986-02-23,0,1,1,814.9707357046915
262,Stuttgart,medium,standard,90,18,3,1.4583936117309522,2019-06-05,0,0,0,1070.758000279699
263,Frankfurt,medium,standard,100,16,1,4.225711717253985,1963-01-02,0,1,0,1049.6223959493948
264,Frankfurt,large,standard,75,8,5,15.91501534690613,1954-06-02,0,0,1,946.568224410599
265,Berlin,medium,remote,61,11,3,9.352197244433265,1941-10-16,1,1,1,893.3882259394312
266,Hamburg,large,remote,44,18,3,6.382413711807403,1973-01-07,0,0,1,769.7670387653493
267,Stuttgart,medium,elite,73,10,5,7.988371942316684,1951-04-30,0,0,1,999.5993476265088
268,Cologne,small,standard,46,13,4,17.160790509850763,2001-10-23,0,1,0,667.5690665161519
269,Hamburg,medium,standard,70,17,5,15.105480839396659,2017-11-21,0,1,0,886.598197442962
270,Hamburg,medium,standard,83,18,5,5.810150245031114,2011-01-01,0,0,1,1060.6296451740259
271,Stuttgart,medium,elite,73,10,4,2.7912858841412795,2020-07-07,0,0,1,1127.978618196504
272,Düsseldorf,small,remote,34,16,4,5.413965322059398,1960-05-24,0,0,0,558.8416127569847
273,Berlin,small,standard,56,20,4,18.454750795567307,2002-12-20,0,1,1,683.83743275385
274,Berlin,large,remote,116,5,4,11.84098233807023,2018-08-23,0,0,0,1121.1767237208173
275,Berlin,small,remote,107,13,4,10.902864070523266,2019-03-11,0,0,1,858.1027090099707
276,Berlin,large,remote,108,18,5,12.129675194003,1986-03-06,0,0,0,1115.1249291851395
277,Frankfurt,small,standard,72,17,2,7.637551182057048,1949-02-24,0,0,0,765.4107523385638
278,Berlin,medium,standard,60,9,2,16.2385868962305,2013-04-10,1,1,0,929.5565054151645
279,Frankfurt,medium,elite,46,14,1,10.70408186135487,2013-02-06,0,1,0,896.778833337308
280,Frankfurt,medium,standard,112,17,2,2.776584103991513,2006-12-29,0,0,1,1214.334109497951
281,Düsseldorf,medium,elite,83,4,2,3.0167699341667276,2015-09-21,1,0,0,1156.5840731137978
282,Berlin,small,standard,91,18,5,10.968753356801058,2010-11-06,1,1,0,928.512694873588
283,Munich,small,standard,116,20,4,18.763119252381365,2010-10-22,0,0,1,879.1307880959213
284,Cologne,medium,elite,61,15,4,6.512866372685876,1968-08-05,0,1,1,980.1051283435182
285,Hamburg,medium,elite,69,11,5,17.456052792754758,1943-11-12,0,1,1,934.7440294116564
286,Frankfurt,large,elite,42,12,2,15.399863938288147,1903-07-12,1,1,1,977.0953195585627
287,Stuttgart,large,remote,113,9,5,5.332342636684683,1953-02-23,1,1,1,1297.6955392973164
288,Stuttgart,large,remote,64,13,1,1.208644592166728,1993-11-22,0,0,0,921.1256810884903
289,Cologne,large,standard,34,15,4,2.4860216702764633,2018-07-17,0,0,1,879.0417450838767
290,Stuttgart,medium,elite,102,15,3,14.705631710025084,2019-02-12,1,1,0,1129.3079435996135
291,Munich,small,elite,58,5,1,4.393559891792611,1972-01-26,0,1,1,965.0675819772791
292,Stuttgart,large,elite,99,19,1,7.7397829498551785,2019-01-13,0,0,1,1365.2618962679153
293,Hamburg,medium,elite,54,20,5,10.283133737125285,2020-08-08,1,1,1,1099.4851760265615
294,Hamburg,medium,remote,51,14,2,14.646629284778175,1973-05-25,1,0,1,749.53034455958
295,Frankfurt,small,standard,95,17,4,2.7080088535529447,1968-09-17,1,1,1,1122.8470773278507
296,Berlin,medium,standard,74,18,3,8.424144902910498,1980-02-22,0,0,1,1029.639739956362
297,Düsseldorf,medium,elite,98,3,1,9.95892172828256,2007-02-06,0,1,1,1219.514855788015
298,Munich,large,standard,120,2,3,11.046127747445023,2004-05-03,0,1,0,1302.8452063267582
299,Frankfurt,medium,standard,118,1,2,16.458032507206724,1949-08-18,0,1,0,1062.8804818353326
300,Munich,medium,standard,101,10,2,3.8477248033427296,1987-12-01,0,1,1,1100.9205834238348
301,Berlin,large,standard,30,19,3,16.252713310619136,1985-06-11,0,0,0,684.7804218688298
302,Stuttgart,small,elite,113,17,4,14.011129340084718,2020-03-15,0,0,0,1073.43075467242
303,Stuttgart,medium,standard,73,12,2,11.339480876879707,2014-05-31,1,1,1,1020.6444598562681
304,Düsseldorf,small,standard,116,1,3,14.140793472850152,1990-07-13,0,1,0,1108.906358014268
305,Berlin,large,standard,104,12,1,8.534345909557299,2024-04-16,0,0,0,1189.7203992839804
306,Frankfurt,large,remote,68,17,3,3.198752926378429,2008-07-21,0,0,1,1039.954642937498
307,Düsseldorf,small,standard,83,3,3,13.482422185174663,2021-03-08,0,0,1,837.9219160694375
308,Berlin,large,standard,117,11,5,10.731109980369634,1954-05-18,1,0,1,1258.1051059080419
309,Cologne,small,standard,104,17,2,12.967808610584122,2002-06-29,0,0,1,893.8715320329864
310,Hamburg,large,standard,58,3,4,7.090976230055555,1979-12-01,0,0,0,910.4738370556158
311,Düsseldorf,large,standard,83,8,4,18.1838982581268,1968-04-14,0,0,1,1012.5100869869198
312,Düsseldorf,large,standard,119,20,5,11.95371243722375,2012-03-06,0,0,0,1220.8408846474692
313,Frankfurt,small,remote,45,4,4,2.1653484436720394,2024-02-12,0,1,0,741.4934465581413
314,Munich,large,elite,49,7,3,9.271177818736358,1999-04-28,0,1,0,1039.850919229889
315,Cologne,large,standard,75,14,5,15.24894306750087,2010-08-08,0,1,0,988.8878827431042
316,Frankfurt,medium,standard,96,14,1,15.985623953779312,1946-10-13,0,0,1,1069.5586036515547
317,Berlin,large,remote,94,4,2,10.144642528893296,1960-03-04,0,0,1,1012.8583962754147
318,Berlin,small,standard,87,16,2,17.947577631210372,2007-04-23,0,0,0,856.1742721731615
319,Berlin,large,standard,82,1,2,5.719534525288802,2013-07-05,0,1,1,1148.244194419878
320,Berlin,small,elite,30,17,3,8.506674596146198,2004-10-28,0,0,1,771.4132280077164
321,Munich,large,standard,110,10,1,18.022639756094915,1999-09-03,1,0,0,1204.6743853966352
322,Cologne,medium,elite,95,16,5,17.977005971195787,1956-10-01,1,1,0,1112.6545388168213
323,Stuttgart,small,standard,58,16,5,13.871398992081279,1948-07-16,0,0,1,576.5618639443571
324,Hamburg,small,elite,113,8,2,17.250120668883294,2011-11-19,0,0,0,1037.9114163539725
325,Munich,small,standard,99,7,1,2.231078705646537,1972-03-25,0,0,0,1059.2122153315333
326,Munich,medium,standard,37,6,1,17.367402036051637,1996-10-20,0,0,1,704.7000212908702
327,Stuttgart,medium,standard,58,16,1,6.752088177729422,2010-06-07,1,0,1,968.7710619841681
328,Stuttgart,medium,remote,80,20,4,3.9774644923502183,2000-04-11,0,0,0,813.1125083786219
329,Hamburg,small,standard,62,16,4,5.167711808669903,1945-09-09,0,0,1,763.800128379548
330,Hamburg,small,standard,32,7,2,8.650385906270799,1966-08-19,0,0,1,646.0640224948639
331,Stuttgart,large,standard,89,9,1,5.398244089787111,2009-06-03,0,1,1,1225.0367229414735
332,Berlin,small,elite,64,14,1,6.751067927321731,2024-04-23,0,0,0,964.2226597334278
333,Munich,large,remote,98,11,5,3.132080478397021,2021-02-16,1,1,1,1220.935857458725
334,Frankfurt,large,elite,120,14,5,6.275446928400471,1957-07-21,0,1,1,1445.036735049686
335,Hamburg,medium,standard,105,7,2,11.659534383569023,2012-04-30,1,0,1,1134.2233682608744
336,Hamburg,medium,standard,113,1,1,9.116147307775748,1958-04-07,0,0,0,1042.4913900971649
337,Stuttgart,large,standard,49,13,2,7.2610158441002675,2017-11-26,0,0,1,837.10027500426
338,Cologne,small,standard,102,20,5,15.055816512713722,2003-07-12,0,1,0,961.4923194793665
339,Frankfurt,small,standard,68,3,5,17.9234444421697,2023-11-26,0,1,0,759.9629159989436
340,Frankfurt,small,elite,33,20,4,15.257389846596743,1972-01-04,0,1,1,676.5173494290241
341,Hamburg,large,remote,48,4,2,6.974013691294744,2023-06-20,0,1,0,779.8012102612593
342,Berlin,small,standard,120,11,2,15.016622272832297,1996-06-21,1,0,0,1068.320752992114
343,Cologne,medium,remote,74,2,1,3.4636135582439986,2014-04-26,0,1,0,908.0678607077825
344,Frankfurt,large,remote,72,14,1,3.0412007677801727,1906-05-07,0,0,1,979.4317284406055
345,Hamburg,large,remote,42,12,4,7.239727222205099,1990-08-27,0,1,0,904.8051542985369
346,Frankfurt,medium,standard,42,17,3,16.250196196359113,2013-01-30,0,0,0,585.9264940204237
347,Düsseldorf,small,standard,89,12,3,5.3037908212248865,2020-06-11,1,1,0,995.982051352633
348,Cologne,large,remote,86,12,3,1.7334414735242518,2022-10-10,1,1,1,1172.1968045991619
349,Cologne,medium,standard,115,1,2,3.0683359365239244,2015-02-20,0,1,0,1303.5579493420933
350,Düsseldorf,small,elite,81,13,2,17.245526886326815,1978-09-14,0,0,1,808.7245801764076
351,Munich,small,remote,82,14,5,12.858774052572109,2021-09-03,0,0,1,857.7053107583091
352,Düsseldorf,large,remote,115,2,2,5.437422685714545,2022-05-13,0,0,1,1207.4185682211692
353,Stuttgart,medium,standard,72,12,2,11.328268593899535,1909-03-23,1,0,0,885.4172809743118
354,Stuttgart,large,elite,112,16,2,10.787802637294332,1957-05-25,0,1,1,1329.7189854661112
355,Hamburg,large,standard,101,4,4,13.281001579592894,1948-07-23,1,0,0,1113.3768325950698
356,Cologne,medium,remote,101,8,2,5.047157311221518,1972-11-27,0,0,0,1031.9342648512425
357,Munich,medium,remote,71,2,1,17.355858250290755,1966-04-06,1,1,1,770.0153797929704
358,Munich,medium,standard,119,10,1,6.53268696056025,1991-07-21,0,1,0,1221.4438394765903
359,Frankfurt,medium,elite,55,9,5,14.03556725253662,2022-07-04,1,1,1,985.435244189285
360,Frankfurt,medium,remote,52,15,4,0.8144306042581904,1960-09-20,0,1,1,802.7490215317132
361,Düsseldorf,large,standard,72,13,1,7.766814032935871,2012-05-30,0,0,0,1156.6306184548362
362,Munich,medium,standard,106,17,4,7.358341450196762,2003-01-29,0,1,0,1157.8691222357054
363,Düsseldorf,large,remote,57,16,4,11.097946357368782,2020-06-24,0,1,0,893.6838136593694
364,Düsseldorf,medium,elite,38,2,5,1.9183571046553318,1964-11-01,0,1,0,988.7052679868798
365,Frankfurt,medium,standard,49,20,4,15.907561787659112,1986-06-01,1,0,1,726.8568848574815
366,Cologne,medium,elite,85,20,2,4.7467256344675866,1934-01-07,0,0,1,1201.1473391114257
367,Düsseldorf,medium,standard,112,14,4,13.7022373901992,1945-01-28,0,1,0,949.0297671732542
368,Berlin,large,remote,68,3,5,16.162636403259818,2010-04-14,1,1,1,903.9353154654758
369,Cologne,small,standard,80,12,5,11.456600646709505,2020-11-02,1,1,1,931.48240987396
370,Munich,medium,remote,41,8,5,14.947222531078717,2019-04-27,0,0,0,633.1139429377381
371,Munich,small,standard,108,2,1,13.406276088192607,2020-09-24,0,1,1,1035.8731524251482
372,Düsseldorf,medium,standard,84,4,2,7.432831044464148,1959-03-17,0,0,1,985.8309525204388
373,Cologne,medium,standard,107,14,1,16.27274151115452,2016-07-28,0,0,0,1018.6727176570686
374,Frankfurt,medium,standard,40,16,3,6.246676712767796,2020-04-29,1,0,0,787.6320816961936
375,Frankfurt,large,standard,55,19,2,11.638651896154585,2016-06-13,1,1,0,920.7518613142455
376,Stuttgart,medium,elite,71,2,4,15.03525591326002,1999-03-29,0,0,0,979.4730219842029
377,Munich,large,standard,56,12,5,7.889640241343898,1956-10-30,1,0,1,1032.7889032133703
378,Hamburg,medium,standard,40,14,3,6.403968348539788,1960-06-26,0,1,0,874.185035272455
379,Stuttgart,medium,remote,67,6,2,9.457247198370043,2011-12-26,0,1,0,785.4266731755391
380,Frankfurt,small,standard,72,13,1,16.450288139808496,2006-09-23,1,1,1,892.1378791169612
381,Cologne,small,remote,48,4,5,18.633474381340463,2021-07-28,0,1,1,558.9799197683587
382,Frankfurt,medium,elite,93,18,1,11.129126550767857,2020-11-09,1,1,0,1252.2324837519955
383,Cologne,medium,standard,35,12,2,13.39859100381121,2006-07-28,0,0,0,734.112228795795
384,Stuttgart,small,standard,75,20,2,18.113835633658827,2023-01-16,1,0,0,804.9221136246346
385,Munich,small,standard,71,19,3,2.4216636025523766,1937-08-11,0,0,0,821.3068561411769
386,Frankfurt,small,elite,94,8,4,5.025532268390219,1995-04-20,0,1,0,1144.291286246511
387,Düsseldorf,large,remote,101,7,1,14.323550121905857,1922-06-14,0,0,0,994.1097249437697
388,Cologne,medium,remote,88,16,3,16.563017007289844,2023-07-06,0,1,0,830.6478098227925
389,Munich,medium,standard,81,19,5,17.212066052446268,2016-08-02,1,0,1,893.4894058015658
390,Hamburg,small,elite,76,6,4,8.594589948671185,2019-08-22,0,1,0,968.1274554791984
391,Cologne,medium,remote,36,20,3,2.2421280946914033,2014-03-21,0,1,1,849.3494098204964
392,Stuttgart,small,standard,40,11,1,9.036738807342589,2012-09-02,0,0,0,711.956969863226
393,Hamburg,small,remote,90,5,2,4.999324509037549,1992-01-10,1,1,0,869.3903814260955
394,Hamburg,medium,remote,97,16,5,6.178330872434171,2012-04-14,0,0,0,909.8288204806622
395,Berlin,small,remote,54,7,1,15.559217358331363,1968-06-17,1,0,0,651.1420189006607
396,Frankfurt,small,standard,41,5,4,1.972778177504794,2014-04-20,0,0,1,704.4904229870607
397,Cologne,small,elite,55,11,4,16.637833740873692,2007-10-30,1,0,1,856.5864287733635
398,Hamburg,small,standard,41,15,2,8.839547173571297,2014-07-03,0,0,1,661.8009674974709
399,Berlin,small,standard,72,3,2,12.123246656461603,1945-07-15,1,1,0,921.1197796614681
400,Stuttgart,medium,remote,80,5,5,2.2482185090957403,1967-04-04,0,0,0,861.4965749521486
401,Munich,large,elite,66,5,5,7.078502027966953,2021-05-01,0,0,0,1165.883056230622
402,Düsseldorf,medium,elite,75,9,2,2.2491679207894926,2001-12-28,1,1,1,1221.2512534951231
403,Düsseldorf,medium,remote,82,15,2,19.250102596181637,1987-03-22,0,1,1,832.608716749898
404,Cologne,small,remote,117,3,4,16.241602161861884,2021-12-22,1,0,0,823.5685493138111
405,Hamburg,large,remote,109,6,2,9.462838709950974,1934-02-24,0,0,1,976.2259452402043
406,Düsseldorf,medium,remote,42,17,3,4.860249692311586,1962-12-19,0,0,0,670.3692060635185
407,Frankfurt,small,standard,118,8,1,18.702374552372117,1993-05-03,0,1,0,990.8215576471094
408,Düsseldorf,medium,standard,83,11,2,7.219633616675949,1920-10-25,0,0,0,885.5437724463544
409,Düsseldorf,small,remote,86,6,5,3.6391964179038077,2005-06-24,1,1,1,900.6733652971449
410,Düsseldorf,medium,standard,33,8,3,11.48170557485212,1953-10-18,0,0,0,693.7565757427855
411,Berlin,medium,standard,104,10,5,18.903595346723915,1977-08-09,1,0,1,1066.6067705556175
412,Hamburg,large,elite,78,3,3,0.5746906647562902,1963-09-11,0,1,0,1237.866040333041
413,Frankfurt,medium,standard,36,14,2,5.143434443452976,2021-06-10,0,0,1,847.075741624774
414,Hamburg,large,remote,40,14,1,18.799728988002947,2013-10-25,0,0,1,628.7925953339632
415,Cologne,large,standard,83,10,5,3.83617635371466,2019-03-05,1,0,0,1157.341490608505
416,Cologne,small,standard,116,12,3,2.7082473069764874,1989-01-25,0,0,1,1198.8114072194187
417,Cologne,small,standard,74,6,4,11.618650708096187,2018-07-28,0,0,0,805.229599416029
418,Stuttgart,medium,standard,52,12,2,17.305954554249183,1993-07-14,1,0,0,778.7560801868582
419,Düsseldorf,medium,standard,57,14,1,9.803641445031559,1987-07-07,0,1,0,974.7609148480715
420,Stuttgart,medium,standard,86,2,2,19.89400300534823,2003-02-08,0,1,0,841.5928616540791
421,Berlin,large,remote,55,9,4,13.74384814099086,2023-01-12,0,1,1,897.8830369221969
422,Cologne,large,standard,54,10,1,1.944460690603731,1992-07-13,0,0,0,1068.7547070843677
423,Frankfurt,medium,elite,83,17,4,19.86022656779852,1971-03-13,0,0,1,954.6548379970875
424,Hamburg,medium,elite,58,17,2,8.453937617213715,2011-01-15,1,1,1,1112.9421631706052
425,Düsseldorf,large,standard,112,3,3,6.104349409986909,1999-03-16,0,0,0,1188.3555310395857
426,Munich,large,standard,65,19,2,11.378644079768769,1957-06-12,1,0,1,974.3769394239448
427,Frankfurt,large,remote,43,1,2,6.433998040506854,2012-11-15,0,0,0,814.9083403973132
428,Düsseldorf,small,standard,107,12,2,2.1859213888429703,1989-11-16,0,1,0,1126.5691197671
429,Stuttgart,medium,remote,64,7,5,0.527852690043946,1962-10-17,0,0,0,890.7682987198727
430,Stuttgart,small,standard,59,4,4,9.266875381945114,2018-01-03,0,1,0,868.8126755275235
431,Frankfurt,small,standard,46,10,4,16.81883673341855,1962-10-31,1,1,1,698.4393047380554
432,Stuttgart,small,standard,96,13,4,11.660146119786493,2023-05-06,0,0,0,973.5791265607645
433,Cologne,medium,remote,109,2,5,19.984542329397097,1967-01-21,0,1,0,890.5393345335716
434,Berlin,medium,standard,59,10,3,6.0935095901204,2023-08-20,1,1,1,1049.6694696782095
435,Hamburg,small,standard,74,4,2,5.968873762821079,2022-04-22,0,0,1,900.6857022643983
436,Berlin,medium,standard,108,18,3,3.615114474561912,1999-06-27,0,1,0,1204.632750608477
437,Düsseldorf,medium,elite,118,5,5,3.699239971174036,1992-01-03,0,0,1,1339.1829939893616
438,Hamburg,medium,standard,80,19,4,6.061138622195933,1990-04-12,1,1,1,1013.1533632881501
439,Hamburg,small,standard,76,2,2,15.960380882833778,1957-05-03,0,1,0,721.6900982286235
440,Berlin,medium,standard,82,12,1,18.162257417410732,1977-01-03,1,1,0,951.0044978167689
441,Frankfurt,large,standard,93,17,1,19.514199809299786,1993-11-10,1,1,0,1010.9940479249439
442,Hamburg,small,standard,67,10,3,5.029648254880827,1995-02-19,1,0,0,912.7640726111795
443,Berlin,small,remote,93,2,4,17.68530213947479,1946-02-10,1,0,0,793.7247769196592
444,Hamburg,medium,remote,116,6,1,6.900974240908072,2004-02-28,1,0,1,1148.348785234809
445,Munich,large,remote,118,8,3,2.700390618079246,2020-03-31,0,0,1,1185.9393931813115
446,Frankfurt,medium,elite,36,19,5,17.46548604764323,1952-04-29,0,1,1,859.3520864669935
447,Cologne,medium,elite,51,11,3,12.904059875550562,2011-10-09,1,0,0,1022.3199332304123
448,Hamburg,medium,standard,110,12,3,3.712252473580704,1998-12-03,1,0,1,1238.2313166364918
449,Munich,medium,standard,111,9,3,8.88170952150355,2023-03-11,0,0,1,1172.2096737075262
450,Cologne,small,standard,70,2,2,6.101525050102819,2014-06-24,0,1,0,885.0716822387741
451,Cologne,medium,elite,103,8,3,14.867494089848842,2019-04-17,1,0,1,1221.3435185514516
452,Düsseldorf,large,standard,39,11,3,9.341616497173227,2014-01-23,1,0,1,921.6058971969479
453,Hamburg,medium,elite,86,4,2,19.790958929574508,1944-05-12,1,1,0,1031.3621987120648
454,Berlin,large,remote,36,10,2,1.567527154062105,1960-03-02,1,0,1,908.6106084842472
455,Hamburg,large,standard,79,20,5,7.42279768965681,2013-10-27,1,1,1,1303.5532311982538
456,Munich,small,standard,120,16,4,9.89705325864456,2017-11-13,0,0,1,1008.5259056934674
457,Cologne,large,elite,81,8,1,10.311104317592235,2004-02-12,1,0,0,1187.6983326039294
458,Hamburg,small,standard,62,4,1,6.660748536519917,1978-01-07,0,0,0,712.3694903731968
459,Berlin,medium,standard,30,10,3,14.720184857402577,2000-12-13,1,0,1,801.3993963547783
460,Düsseldorf,small,remote,82,12,5,17.557567933035006,2010-06-14,0,1,0,689.037422203655
461,Hamburg,small,remote,89,14,3,18.80502638856833,2019-03-30,0,0,1,663.2896964250269
462,Frankfurt,medium,standard,63,16,1,16.199320847590762,2018-11-17,0,0,0,832.916141466521
463,Düsseldorf,small,remote,33,18,2,17.08631384747869,2015-07-01,0,1,1,597.8524172623687
464,Berlin,medium,remote,46,12,4,11.235633362089912,2020-07-24,0,0,0,699.823559807139
465,Munich,medium,remote,33,18,5,16.604820415322884,1986-04-02,0,0,0,541.191689710867
466,Cologne,small,remote,72,7,2,6.418326228385069,1978-06-10,0,1,0,784.273783854949
467,Hamburg,small,standard,119,20,4,8.27033586112968,2002-11-03,0,1,1,1193.0386745299809
468,Berlin,medium,standard,33,7,5,6.679803769461614,1944-02-12,0,1,1,735.4919988046763
469,Düsseldorf,medium,elite,30,9,5,9.614053041234547,2009-11-23,0,0,0,791.7671143833389
470,Frankfurt,large,elite,100,1,1,6.06880251665341,1923-01-08,0,0,1,1247.1774674079893
471,Berlin,medium,remote,79,6,2,19.251423123961715,1978-12-22,0,0,0,672.0925033957973
472,Stuttgart,large,standard,102,6,5,6.600470246110529,2014-06-15,1,0,0,1223.5765345680545
473,Frankfurt,medium,remote,90,12,5,2.4118684931633267,2018-12-07,1,0,0,1079.2673698674892
474,Düsseldorf,medium,remote,64,12,4,10.77293473798306,1990-12-12,0,0,1,804.6007600398057
475,Munich,medium,remote,37,10,1,1.613432029680939,2005-06-10,1,1,0,832.5812047086006
476,Cologne,small,remote,53,6,3,2.65559174301732,2022-04-18,0,0,0,695.7678631524927
477,Düsseldorf,medium,standard,112,17,1,4.778093089326803,2004-05-28,1,0,0,1229.3852582431614
478,Munich,large,elite,65,19,3,9.554829872701763,1972-09-08,0,0,1,1044.422184155577
479,Hamburg,medium,standard,79,18,2,8.948393180026043,1986-08-14,0,0,1,952.0405739033781
480,Berlin,large,elite,72,6,2,16.093991309054427,2022-11-04,0,1,1,1128.6602987578897
481,Stuttgart,large,elite,56,19,5,14.919755750740212,1973-01-18,0,0,1,1000.1782354366924
482,Frankfurt,large,standard,61,10,2,8.813206732818676,1949-11-10,0,1,0,986.377325417907
483,Frankfurt,large,remote,107,8,5,7.007232047724783,2020-07-30,0,0,0,1107.0109154219333
484,Berlin,medium,standard,47,6,1,6.671141289199222,2024-03-20,0,1,1,870.4174170514913
485,Stuttgart,medium,standard,57,7,2,15.592904202233175,1996-03-01,1,0,0,973.9595221298832
486,Berlin,medium,standard,58,1,1,1.5154119213147599,1965-12-18,0,1,1,1011.6852444334723
487,Hamburg,medium,standard,45,18,1,0.7500221654568135,2007-03-16,0,1,1,950.657152143063
488,Munich,medium,elite,76,20,2,16.013115642569637,1937-03-14,0,1,1,985.7084186639839
489,Düsseldorf,large,remote,88,12,1,9.804354331786461,1992-07-03,0,1,1,1024.3955153349416
490,Frankfurt,medium,standard,60,16,2,3.0521822017947313,1935-05-24,0,1,0,909.4381482957049
491,Hamburg,medium,remote,33,10,2,5.093535724592774,2019-05-23,1,0,1,757.2060849334064
492,Munich,small,elite,66,10,2,18.68382708539896,1980-08-27,1,0,0,728.1399519428563
493,Hamburg,medium,remote,46,14,3,17.26030802468551,1990-01-25,0,1,1,582.9274399844106
494,Stuttgart,small,standard,68,20,1,14.340808479367464,1977-04-07,0,1,0,732.2477957593775
495,Frankfurt,large,standard,77,10,4,9.903391991577868,2024-07-24,0,0,1,1077.32305192315
496,Düsseldorf,medium,standard,75,10,2,10.646310710732022,1989-06-26,1,0,1,970.0732355350873
497,Berlin,small,remote,119,11,1,19.517268438037192,1990-03-12,0,0,1,937.7333769246022
498,Berlin,small,standard,77,2,5,19.3325236557436,1997-10-07,0,0,1,685.0549240927755
499,Munich,medium,standard,68,20,2,4.697746392823769,2008-03-27,0,1,1,968.4552625915937
500,Düsseldorf,medium,remote,33,8,2,16.316539042953703,2018-05-08,1,1,0,715.839196620018
501,Cologne,medium,remote,59,7,4,4.346231990256827,2003-02-10,1,1,0,888.593646331189
502,Stuttgart,small,standard,59,8,3,4.663980818737052,2006-09-22,1,0,0,884.6023209526874
503,Munich,medium,remote,51,1,3,13.683814166209247,1956-01-18,1,0,0,787.7242055013808
504,Cologne,medium,standard,104,2,2,8.397521422457194,1959-01-25,1,0,1,1099.8345648803368
505,Hamburg,medium,standard,95,18,1,18.665115938577145,2019-10-31,1,1,1,1051.8831237246268
506,Stuttgart,medium,standard,41,15,5,2.235689830472172,2012-10-03,0,1,0,854.0217566487348
507,Hamburg,medium,remote,65,1,5,10.474749995785114,1982-01-28,0,1,0,692.5228498179852
508,Düsseldorf,small,remote,47,5,1,18.411169843640863,1999-04-15,0,0,0,473.8684613757929
509,Frankfurt,large,standard,119,2,2,18.13021637935035,2021-01-11,1,1,0,1297.2509455755298
510,Stuttgart,medium,standard,82,20,5,3.552319661606954,1995-12-13,0,0,1,1068.0062804745426
511,Cologne,medium,standard,100,3,3,7.649435151880901,1992-06-02,0,1,1,1159.4598069505914
512,Frankfurt,small,remote,30,19,1,12.572867300910577,1950-02-19,1,0,1,499.4958779589193
513,Berlin,medium,remote,87,18,4,3.6082002530423427,1988-08-18,0,0,1,929.1131356692945
514,Cologne,small,standard,119,18,2,19.376432354891904,1952-01-23,1,0,1,1059.698460046012
515,Munich,medium,remote,116,14,1,18.337611910189377,2014-12-16,0,0,1,947.7580235802227
516,Berlin,large,remote,119,8,5,3.755528491172149,1988-01-03,0,0,0,1205.148817027939
517,Berlin,medium,standard,35,12,2,2.8625314945892155,2017-09-15,0,0,0,802.0414190879848
518,Munich,small,elite,99,10,3,2.165465414761173,1994-09-02,0,0,0,1182.431196665244
519,Stuttgart,small,standard,73,20,2,18.234151448714307,2018-08-28,0,0,0,779.2291033964749
520,Berlin,medium,standard,101,17,2,4.275664291011486,2005-07-21,0,0,1,1068.9804260565293
521,Düsseldorf,small,standard,53,11,3,8.617556106614916,1949-04-02,0,0,1,662.9467805950989
522,Cologne,small,standard,115,2,3,9.252601630214059,1995-06-11,1,0,0,1097.919474601316
523,Frankfurt,large,remote,48,4,2,12.180715362164568,2019-01-07,1,0,1,843.475964009396
524,Berlin,medium,elite,47,1,3,1.8988392030747867,2010-10-17,0,1,1,1007.2530187715638
525,Cologne,small,standard,59,15,1,4.921793039310061,1973-11-02,0,1,1,892.063463806623
526,Hamburg,large,standard,71,13,3,18.66406254491906,1987-10-08,0,0,1,940.232343655255
527,Cologne,small,standard,62,8,3,18.213997091737106,1973-09-03,1,0,0,705.9828984271011
528,Frankfurt,large,standard,103,4,2,15.735167624410998,2009-02-05,0,0,1,1170.1397557936425
529,Cologne,medium,standard,41,10,1,0.878324289555201,1988-06-30,1,0,0,860.4613073572698
530,Munich,large,elite,56,19,4,6.876631985673991,1947-09-03,0,0,0,1102.1596294168878
531,Frankfurt,medium,standard,68,18,4,12.745195339186703,1988-12-08,0,0,1,836.1456654464826
532,Stuttgart,large,standard,38,5,5,5.866209129582776,1970-02-17,0,1,1,958.1843620212767
533,Hamburg,large,elite,50,19,3,18.236940553548656,1969-04-17,1,0,1,1042.8222363975058
534,Munich,small,remote,105,16,3,12.860844505732617,1986-10-14,0,0,1,789.5267804790687
535,Stuttgart,large,standard,58,1,1,1.9021809876706892,2009-03-14,0,1,0,1037.3114313306708
536,Cologne,medium,standard,62,12,4,18.225608982296208,1966-12-09,0,0,0,806.8542798213158
537,Frankfurt,medium,remote,91,2,5,19.17644983443634,2023-01-09,0,0,0,871.5977290421879
538,Hamburg,medium,elite,44,8,1,2.015392158638647,2004-06-04,0,1,1,1002.2712983942016
539,Munich,medium,elite,31,18,3,10.88102457979564,1959-05-26,0,1,0,767.9561995182006
540,Stuttgart,small,remote,81,16,4,6.415603503176324,1957-04-08,0,0,0,806.1407560847748
541,Stuttgart,medium,standard,73,5,5,8.160361991387347,2017-08-27,1,1,1,1110.0738352152068
542,Hamburg,medium,standard,83,13,2,4.003198750129167,1966-09-15,0,1,0,978.7348450730885
543,Düsseldorf,large,remote,47,19,4,11.772405989242044,2010-12-20,0,1,1,771.0802576592606
544,Cologne,large,remote,32,3,5,19.180597388353366,2015-03-18,1,0,0,675.9568602156463
545,Hamburg,medium,remote,36,8,1,10.309915705296376,2018-11-21,1,0,0,706.3688746184808
546,Stuttgart,medium,standard,72,12,2,2.1168343371923823,2011-04-17,0,0,1,998.3782023665734
547,Berlin,small,standard,111,2,5,12.590026002809463,2018-11-01,1,1,0,1101.0644309710228
548,Munich,small,standard,67,11,5,7.134348391799512,1972-11-18,0,0,1,783.1496857401357
549,Hamburg,small,elite,66,12,3,17.190541197030306,1970-09-02,1,1,1,796.3599080760102
550,Düsseldorf,medium,standard,87,18,4,8.97622389217117,1989-03-30,0,1,0,997.5427074616584
551,Stuttgart,small,standard,62,13,3,4.260372374373789,2010-06-04,0,0,0,814.5578835819172
552,Cologne,large,remote,88,5,2,4.226559642477326,2010-08-26,0,1,1,1097.9424055804038
553,Stuttgart,medium,standard,40,12,5,15.490901524062627,1982-10-07,0,0,1,647.1608215763994
554,Cologne,medium,standard,97,2,3,5.678958166993518,2013-05-13,0,0,1,1012.927969536124
555,Hamburg,medium,standard,111,5,4,15.461051186104848,1974-06-04,0,1,1,1070.6850479205566
556,Cologne,small,elite,97,7,2,4.514802559948688,1918-04-16,1,0,0,1132.7347629830003
557,Frankfurt,medium,elite,117,12,1,6.772884189675533,2020-04-28,1,0,0,1379.0810300739288
558,Frankfurt,medium,standard,51,16,3,9.576995962574138,2012-01-04,1,0,0,913.6157095811814
559,Frankfurt,medium,elite,95,8,2,18.89231906902229,2024-04-06,0,1,1,1066.2813325523496
560,Düsseldorf,medium,standard,73,9,1,18.66876278269958,2007-10-23,1,0,0,813.127055991486
561,Düsseldorf,large,remote,35,15,3,4.534001570734612,2018-03-05,1,1,1,922.4917150416487
562,Berlin,large,remote,71,5,2,7.4852713042399195,2019-02-15,0,0,0,960.4022875374972
563,Düsseldorf,medium,standard,54,13,2,3.4132880748485603,1978-06-26,0,1,0,923.8755995115392
564,Hamburg,medium,standard,86,5,3,10.444709046613195,1981-06-16,0,0,0,854.3497458219799
565,Stuttgart,medium,remote,114,11,2,9.481359738545999,1994-05-01,1,1,1,1087.8421733703667
566,Stuttgart,small,remote,84,10,5,18.06482316778928,1919-10-29,1,1,1,756.3673288078082
567,Berlin,medium,elite,45,20,3,18.635104866925914,1999-07-30,0,0,1,831.5098610622622
568,Düsseldorf,small,remote,43,13,2,7.979564124642196,2023-09-26,1,0,0,674.0697268837024
569,Cologne,medium,standard,68,9,1,10.088889888870295,2024-06-11,0,0,1,927.3237772253991
570,Berlin,medium,remote,57,14,1,17.976606858349594,1994-11-14,0,0,1,687.7731217434159
571,Cologne,small,remote,80,18,5,16.2308022510287,2024-06-23,0,1,1,762.9352504077683
572,Cologne,large,elite,78,15,3,0.5712980712206609,1917-04-26,1,0,0,1266.0679879987174
573,Munich,large,remote,38,10,2,6.7411615015798585,2019-06-03,0,0,1,816.731667558747
574,Stuttgart,large,standard,87,7,2,8.724597717754454,1982-11-09,0,1,0,1121.04090582482
575,Frankfurt,medium,remote,74,8,1,4.979467531823018,1922-03-05,0,0,0,806.7868847249007
576,Düsseldorf,large,standard,51,3,5,4.391646509970806,1996-10-21,0,0,0,952.1481061524161
577,Cologne,small,remote,61,15,1,1.2367978786157536,1998-03-15,1,0,1,834.8615901558062
578,Munich,large,elite,98,16,1,13.04570963886033,1960-06-01,1,0,1,1271.9166730562997
579,Stuttgart,small,standard,116,4,5,5.61895066442173,2003-01-24,0,0,1,1113.3518142730454
580,Frankfurt,large,elite,98,6,3,1.5207699794106053,2015-10-09,0,1,1,1458.4283932734534
581,Cologne,small,remote,71,1,2,5.004096555297241,1992-05-25,0,1,1,823.2172305843569
582,Cologne,large,remote,82,4,3,16.137322080304468,2016-03-01,0,0,0,863.1768531732974
583,Berlin,large,remote,88,11,4,17.104039042107658,1985-12-31,0,1,1,1014.6399488786318
584,Berlin,small,remote,103,12,4,9.919791781269401,1971-05-07,0,1,0,811.9921653038601
585,Stuttgart,medium,elite,68,5,4,8.61337807296938,1944-07-20,0,0,1,940.7955502333418
586,Frankfurt,large,standard,44,16,5,19.568147023284745,1977-09-05,1,0,0,818.610893003156
587,Cologne,medium,elite,100,13,1,4.411010861967363,2016-05-10,0,1,0,1268.7097247696554
588,Stuttgart,large,standard,58,13,3,4.699506015664865,1977-01-22,1,0,0,958.2523786681517
589,Stuttgart,medium,standard,32,17,2,6.191409952209795,1960-06-06,0,0,0,697.9450264285645
590,Hamburg,medium,standard,112,7,4,3.8687677064812025,1956-05-14,0,1,0,1148.008131324205
591,Düsseldorf,small,standard,39,8,3,7.897629164981638,2010-06-21,0,0,0,635.6898922061038
592,Berlin,small,elite,58,13,4,18.2612674263002,1959-06-04,1,0,1,853.0672145506453
593,Frankfurt,large,elite,108,16,4,12.499282892257199,2004-09-19,0,0,0,1291.3324442547905
594,Cologne,medium,elite,64,4,2,8.53295769793914,2017-04-12,1,0,1,1061.2143140279234
595,Stuttgart,medium,remote,35,8,5,18.72101049413869,2011-01-18,0,1,1,574.9917987028667
596,Cologne,medium,remote,41,16,1,1.4450525332785353,2006-04-03,1,0,1,745.0669911562077
597,Hamburg,medium,remote,67,10,5,4.600385469086297,2009-05-11,0,1,1,973.5053922482346
598,Frankfurt,large,standard,106,12,3,11.534827799484301,2012-06-24,0,0,1,1219.2574170194027
599,Stuttgart,large,standard,48,12,5,12.503276152266993,2024-07-12,0,0,1,860.6337832736731
600,Cologne,medium,remote,96,5,3,1.2713713779709563,1911-03-15,0,0,1,1027.766261101535
601,Berlin,large,standard,37,16,3,8.359255779189077,1934-01-21,1,1,0,893.896261179378
602,Düsseldorf,large,standard,37,1,1,13.158502314202018,1968-03-23,1,1,1,882.0595016148627
603,Hamburg,medium,standard,113,9,2,14.112375654866332,2016-01-24,0,1,0,1132.6368198658167
604,Frankfurt,large,elite,76,12,1,12.94372809906725,2008-10-04,0,0,1,1086.4878065136913
605,Hamburg,small,standard,33,5,5,6.750982875038028,1971-12-20,1,1,0,694.8023452741143
606,Berlin,small,standard,80,20,3,2.3236424101592354,2024-02-07,0,0,0,933.836629108385
607,Frankfurt,large,standard,114,3,4,8.828692705177016,1924-09-03,0,1,0,1197.7405133039692
608,Hamburg,medium,elite,96,5,4,3.010711528677082,2024-06-16,1,0,0,1284.3471452266053
609,Munich,large,standard,74,2,3,18.978661341153007,2018-08-04,1,1,1,1141.6667117723828
610,Berlin,large,remote,37,14,1,9.765831887441252,1966-12-05,1,0,0,721.6267744952303
611,Berlin,small,elite,116,2,2,6.686553899958918,1991-02-21,0,0,0,1064.3781961852085
612,Berlin,large,standard,45,13,1,15.442929386818552,1958-07-21,0,0,0,688.4836977580014
613,Munich,medium,remote,106,7,3,10.209997555354146,1946-01-22,0,0,0,932.3766173717094
614,Munich,medium,elite,96,10,3,6.545663468242776,1954-10-17,0,0,1,1127.3851358112631
615,Cologne,medium,elite,38,13,2,16.333370976620635,2015-05-06,1,0,0,833.5593152871477
616,Stuttgart,large,standard,89,16,5,17.409466944521878,1991-08-19,0,1,1,1082.0352141560863
617,Düsseldorf,small,standard,107,14,5,13.623659242629202,1975-06-29,0,1,0,885.1025652430033
618,Hamburg,medium,standard,106,11,2,1.4158062369495124,1942-07-25,1,0,1,1115.0977461564346
619,Cologne,medium,remote,100,10,5,11.543296163247376,2020-07-10,0,0,0,948.3637003848311
620,Hamburg,large,elite,44,6,4,15.38425078394699,2009-02-04,0,0,1,946.428933896528
621,Düsseldorf,medium,standard,100,4,5,3.1618087356298523,2000-08-18,0,1,1,1156.091012725374
622,Stuttgart,small,standard,70,1,5,4.959079651999765,2023-04-05,0,1,0,808.0520242233871
623,Munich,small,elite,51,7,5,17.70865454882866,2022-12-07,1,1,0,841.4830176499629
624,Stuttgart,medium,standard,53,9,4,0.8923735761349437,2016-10-07,1,1,0,1056.6712415098477
625,Munich,large,standard,73,8,5,15.178179187606531,2024-06-28,0,1,1,1048.1173301348808
626,Düsseldorf,small,standard,30,5,4,9.738579204031247,1974-05-06,1,1,1,656.2405134314342
627,Stuttgart,small,elite,39,19,2,9.212057097372334,2017-11-05,0,1,0,792.6070373048342
628,Cologne,large,standard,109,10,1,0.6383823836503,1981-02-27,0,0,0,1199.810472116813
629,Frankfurt,small,standard,101,11,2,16.478265503846607,1998-07-11,0,1,0,971.1153806534736
630,Cologne,large,remote,85,15,1,7.516585562413046,1948-05-09,0,0,1,996.9263611023465
631,Hamburg,medium,elite,118,6,2,11.044929810360586,2005-03-11,0,1,0,1172.6428563087327
632,Cologne,large,standard,79,15,1,13.707363383545358,2008-07-04,0,0,1,1015.8926481423623
633,Düsseldorf,small,standard,41,5,1,14.201276740539358,2000-07-02,0,0,0,625.152308106318
634,Berlin,small,remote,118,19,3,19.14161114710841,2018-04-29,1,1,1,949.9315074801398
635,Hamburg,large,standard,110,19,1,10.861129088113877,1983-12-05,1,0,1,1238.0939230468525
636,Stuttgart,large,standard,89,10,1,8.294531244001337,2011-02-17,0,1,0,1085.334577207623
637,Hamburg,large,remote,55,12,3,19.097220716588303,1956-02-24,1,0,0,779.3548421881998
638,Frankfurt,small,remote,107,4,5,13.021149582997662,2014-01-17,1,1,1,938.3650441690664
639,Munich,large,standard,70,18,5,6.313931947392835,2011-08-03,1,0,1,1003.5384116758202
640,Stuttgart,large,standard,65,16,3,2.9660527853696372,1952-06-14,0,0,1,1021.776603612784
641,Hamburg,medium,remote,52,8,4,16.929812778571034,1950-02-18,0,1,0,693.7593579928073
642,Stuttgart,large,remote,72,4,1,7.562541254485955,2021-03-02,1,0,1,994.5281151251431
643,Stuttgart,large,remote,35,12,1,13.379159566606408,1992-09-09,0,1,1,833.107653590112
644,Stuttgart,medium,standard,98,2,3,9.680920177635013,2003-02-09,0,0,0,1055.1391956510756
645,Munich,small,elite,72,4,3,4.379130706003248,1951-06-13,1,0,0,997.6466010539858
646,Düsseldorf,medium,standard,54,5,4,12.232888868099069,1960-01-08,0,0,0,760.251198023129
647,Cologne,small,remote,47,3,5,1.683319844538305,2007-12-04,0,1,0,697.2524911664025
648,Stuttgart,medium,standard,91,9,2,8.560177967488249,1978-11-05,0,0,0,984.2270385691423
649,Berlin,medium,standard,42,18,5,11.158991323441585,1971-03-10,0,0,0,707.7966171614579
650,Düsseldorf,small,remote,72,11,1,9.002915995312291,1969-04-25,1,1,0,810.0141981502346
651,Frankfurt,medium,standard,107,3,3,15.099107417394322,1999-01-06,0,1,0,1015.7173643365286
652,Munich,small,remote,57,2,4,16.644536613633594,1901-09-07,1,1,1,574.259942427451
653,Hamburg,large,standard,47,9,5,15.539239943646972,2022-07-20,0,0,0,773.4478480197614
654,Munich,large,standard,88,14,4,1.2568524823301412,1993-08-31,0,1,1,1335.2142025605563
655,Hamburg,small,standard,89,4,5,4.285511023696458,2016-10-28,0,0,1,1005.6620348465644
656,Munich,large,remote,92,9,1,10.9638464306436,2000-01-07,1,1,1,1124.5861457775713
657,Hamburg,medium,elite,86,13,2,18.729029788654124,1999-08-15,0,1,1,998.3339685987871
658,Stuttgart,small,elite,80,18,4,16.781657113516278,1959-09-18,0,0,0,881.8505438985786
659,Cologne,small,remote,85,15,4,16.929422912860133,2024-03-19,0,0,0,700.8772035487323
660,Hamburg,medium,elite,56,10,2,6.4125597783136605,2021-04-09,0,0,0,976.0828492734508
661,Hamburg,large,standard,61,16,4,8.8742339930347,1909-03-03,0,0,0,860.9266442764751
662,Berlin,large,standard,38,12,4,9.678765972660779,2023-09-18,0,0,1,881.7257831442711
663,Hamburg,small,standard,113,20,5,3.5687458753232533,2010-07-06,0,1,1,1122.1208643364434
664,Berlin,small,standard,97,5,5,1.105828539766898,1965-08-21,0,1,0,997.1611567508218
665,Frankfurt,medium,standard,75,2,2,18.96460653948008,2012-07-14,0,0,0,867.0592513955617
666,Stuttgart,small,standard,96,10,1,5.193895420438381,2004-01-25,0,0,1,922.1756553691162
667,Berlin,small,standard,55,1,4,5.179003622610811,2001-02-15,1,0,0,840.9487769895994
668,Cologne,small,standard,37,7,1,2.125891548490811,1929-03-07,0,1,1,771.4653911927417
669,Düsseldorf,large,elite,35,17,2,18.60590116290368,1981-04-02,0,1,1,844.4588045934012
670,Stuttgart,large,standard,109,16,2,11.804873741325554,1975-12-09,1,1,1,1232.434839530121
671,Berlin,medium,elite,53,3,5,13.5072187139444,1952-09-16,0,0,1,863.776528797236
672,Stuttgart,large,standard,77,14,4,18.275749301629524,2006-11-13,0,0,0,958.3443175068157
673,Stuttgart,medium,standard,74,10,3,7.239593293565395,2002-06-29,0,0,0,929.9613174736348
674,Stuttgart,medium,elite,42,7,2,12.61939256719264,2018-08-20,0,1,1,923.4841973376675
675,Frankfurt,small,remote,98,17,4,1.2565893672133055,1979-08-12,1,0,0,1044.083088954737
676,Cologne,medium,standard,54,6,1,4.1420643005070215,2023-04-12,1,0,0,903.6935185374441
677,Munich,large,remote,49,4,5,16.709293199253878,1912-06-29,0,1,1,657.1480694722902
678,Munich,medium,remote,111,17,1,15.451982948597546,1977-11-25,1,0,1,1049.276349665557
679,Berlin,medium,standard,111,9,2,7.337532483414364,1991-05-15,1,1,0,1290.2904039622329
680,Stuttgart,medium,elite,95,4,2,7.847807241597144,2008-01-30,0,1,0,1199.1603457365848
681,Berlin,small,standard,103,7,1,10.904311454294799,2021-01-19,0,0,0,901.0694516893686
682,Frankfurt,large,remote,74,2,2,0.5046995913601238,2016-03-11,0,0,1,1035.7583859246388
683,Frankfurt,medium,standard,76,17,4,5.204264552741543,1980-02-10,0,0,0,901.031180262003
684,Hamburg,medium,elite,92,8,2,4.5605202678601815,1953-06-07,1,0,1,1242.0375720195455
685,Frankfurt,medium,standard,105,15,5,5.384417461620387,2011-09-28,1,1,1,1168.0913052488745
686,Hamburg,medium,remote,106,15,4,16.215163929402106,2021-06-11,0,0,0,902.341921364569
687,Cologne,small,remote,84,8,3,5.953640202655642,1955-10-28,0,0,1,756.7467066587483
688,Berlin,medium,elite,104,16,2,4.234665779977889,1999-07-26,1,0,1,1302.4945764569693
689,Düsseldorf,small,standard,48,19,2,10.333137485464114,2024-05-15,0,0,1,699.351541288471
690,Cologne,large,standard,64,11,5,17.380078209268273,1924-02-06,1,1,1,976.0373230698304
691,Frankfurt,large,standard,82,2,5,5.2063192248312475,2016-01-18,0,1,0,1146.0543355000057
692,Cologne,large,remote,55,17,1,2.0314567344595744,2013-09-29,1,0,1,930.8524812691987
693,Cologne,medium,standard,43,16,1,7.449892349068461,1988-06-21,1,1,1,924.8449296857664
694,Cologne,medium,standard,74,15,1,15.079210579017067,1990-11-07,1,0,1,930.7696116176735
695,Frankfurt,small,elite,73,13,5,11.238465621548494,2005-11-19,0,1,1,914.6888933912201
696,Düsseldorf,large,remote,117,15,1,16.427470706699776,2018-01-25,0,1,0,1220.7716207432918
697,Stuttgart,small,remote,94,4,1,19.21204687838006,2008-08-27,0,1,1,814.7010395520557
698,Cologne,medium,standard,80,16,3,15.956918296656532,2011-05-10,0,0,0,877.2677893634694
699,Hamburg,small,remote,72,12,1,12.274160037453191,1992-04-13,0,1,1,813.0186259605592
700,Frankfurt,small,elite,115,4,2,10.12016096702142,1982-05-24,1,0,1,1275.8891707991163
701,Cologne,medium,standard,52,3,5,1.2813471837912,2001-02-22,0,0,0,879.4190570463938
702,Düsseldorf,small,standard,85,17,4,19.694278586873804,1967-09-16,0,1,0,807.927088453
703,Stuttgart,large,elite,48,18,3,7.977881890213329,2021-03-09,0,0,1,990.3210401977198
704,Frankfurt,medium,standard,111,18,5,3.468450171378903,2014-04-18,1,0,0,1208.9558607478102
705,Munich,small,remote,105,17,5,13.500822680230906,1911-08-13,0,0,1,804.5386455096974
706,Stuttgart,medium,elite,84,12,2,6.043621637361457,1999-01-05,1,0,0,1157.3051353074682
707,Hamburg,small,standard,89,4,1,11.922676283155429,1960-03-11,0,1,0,901.4112611002962
708,Cologne,small,standard,88,12,2,11.94197420296953,2017-01-10,1,1,0,986.0716804117077
709,Düsseldorf,large,standard,62,20,1,9.19173150760595,2018-07-27,0,0,0,977.9648177389385
710,Munich,small,remote,48,15,1,16.804313003128332,2008-05-25,0,1,1,524.4197386372584
711,Düsseldorf,large,standard,57,16,5,5.666857700331139,2013-01-25,0,0,0,926.9080677096343
712,Munich,small,standard,81,5,1,9.248335536545817,1997-03-19,0,0,1,852.6962636613582
713,Frankfurt,small,remote,78,15,3,10.984996507523944,2024-06-21,0,1,1,787.0380053285992
714,Munich,large,elite,66,17,3,13.440682054962343,1942-03-17,0,0,1,1088.1318939739822
715,Hamburg,medium,standard,55,18,3,15.787451084858995,2000-04-21,0,1,1,767.9785398087645
716,Hamburg,small,standard,69,5,5,8.198742016125994,1961-06-26,0,1,0,804.641827430205
717,Berlin,medium,standard,109,13,2,13.097915409883623,2023-09-29,0,1,0,1152.1713208118663
718,Hamburg,small,remote,67,19,4,3.436913584836123,1960-01-25,1,0,0,754.6369904268082
719,Stuttgart,large,remote,106,13,1,18.686637960578334,1996-04-17,0,1,1,1073.154402886358
720,Munich,medium,standard,116,18,4,7.969646725209569,2005-01-02,0,0,1,1164.826430601509
721,Hamburg,large,remote,83,14,2,14.72566772854055,2005-07-26,0,0,0,922.0824855808306
722,Frankfurt,large,elite,51,4,2,0.8966510967024641,2010-12-13,0,0,1,1108.6098618424985
723,Düsseldorf,medium,elite,45,4,5,4.501149286643736,1976-02-27,0,0,0,940.3417807699803
724,Düsseldorf,large,standard,57,20,3,9.99810961430977,2000-03-17,1,0,0,896.7660834865806
725,Berlin,medium,standard,64,20,3,17.625923120780758,2019-04-17,1,1,0,864.0751683727651
726,Düsseldorf,large,standard,89,19,2,10.781475424038204,2018-07-01,1,0,0,1150.0138795943335
727,Munich,small,standard,74,13,5,18.63247440473064,2020-05-08,0,0,0,759.3600183530033
728,Berlin,medium,remote,75,12,5,9.93403948336453,1957-06-16,0,0,1,897.8072363040461
729,Munich,medium,standard,101,7,1,10.063757386351023,2017-08-13,0,0,0,1032.311192793211
730,Frankfurt,medium,standard,84,12,3,2.835062375760372,2017-02-11,0,0,1,1143.12346433544
731,Berlin,medium,elite,115,4,2,16.15179676096829,2023-07-28,1,0,1,1211.0308410573334
732,Cologne,large,elite,114,2,4,5.315825543107719,2010-07-31,0,0,1,1457.274065146155
733,Stuttgart,small,standard,55,2,3,18.042443542760143,1966-08-17,0,0,0,657.4489209073172
734,Stuttgart,small,standard,114,5,1,18.261072296442723,2021-06-22,0,0,1,921.2163480539616
735,Munich,large,remote,54,10,5,18.89454718154592,1964-10-21,0,1,1,787.4064900471319
736,Düsseldorf,medium,elite,94,10,2,10.644494537510255,2014-12-01,0,0,1,1136.9932628482877
737,Cologne,large,elite,35,9,3,13.703328803281066,2015-02-12,0,0,0,915.7459416509394
738,Berlin,large,standard,52,13,4,15.681059661202438,1958-06-03,0,0,0,810.0258239663101
739,Cologne,large,standard,93,7,1,3.054785063684079,2019-09-01,1,0,0,1217.5898380800725
740,Cologne,large,elite,116,5,1,12.218665302451196,1983-06-03,1,0,0,1406.7680761136305
741,Düsseldorf,small,remote,72,10,3,1.1688090754145777,1950-11-16,0,1,1,827.3758645230705
742,Berlin,small,elite,52,10,4,10.202538626080155,1965-06-20,0,0,1,850.7957299487869
743,Frankfurt,large,standard,59,6,1,3.5194322915944345,1992-12-01,0,0,0,983.5381028318457
744,Düsseldorf,medium,standard,106,19,2,4.066997056260652,2020-07-29,0,1,1,1291.6631923987698
745,Cologne,small,elite,47,8,1,7.6184275505057295,2023-10-02,0,0,1,805.3989930281681
746,Cologne,medium,standard,116,1,4,8.932524750971808,1930-12-28,1,0,1,1143.9675759279226
747,Frankfurt,large,remote,108,17,5,12.651862278377651,1947-02-09,0,0,1,1132.2072362720187
748,Cologne,medium,standard,50,7,5,1.9513541595510555,2017-03-28,0,1,1,925.7391388597268
749,Cologne,medium,remote,86,14,3,10.32198934413017,1988-09-02,1,0,0,989.833821866918
750,Cologne,medium,elite,52,17,4,4.061190039935472,2003-12-19,0,0,1,1034.480128580386
751,Stuttgart,small,remote,120,9,1,11.692515913118967,2017-10-02,0,0,0,922.8423555407686
752,Düsseldorf,medium,standard,74,17,1,12.929389939093078,2017-12-03,0,1,1,867.5414270082114
753,Hamburg,medium,standard,73,5,5,11.35583050278065,2009-10-03,0,0,1,923.9757797586018
754,Düsseldorf,small,standard,111,20,5,14.896762454327,1985-01-22,0,0,1,972.6138781334013
755,Frankfurt,large,remote,117,8,2,7.044380262697576,2022-11-17,0,0,0,1222.9170840382428
756,Cologne,medium,standard,76,6,5,15.419578536846052,1985-04-17,0,0,1,966.726573443545
757,Düsseldorf,large,elite,69,11,2,8.938958093309777,1969-08-24,0,1,0,1084.8610601097148
758,Stuttgart,large,elite,80,19,1,9.941597717290637,2012-05-08,1,0,0,1235.6431110265028
759,Frankfurt,small,remote,71,4,2,13.137991481590893,1930-12-14,0,0,0,665.8901929847585
760,Munich,medium,standard,36,18,2,0.8579884879848672,1962-06-11,1,0,1,925.0907502406735
761,Düsseldorf,medium,remote,79,1,3,13.252887317694842,2009-07-23,1,0,1,910.9056224298288
762,Munich,large,standard,77,13,5,12.562410406906249,2020-07-07,0,0,1,941.251011382849
763,Cologne,small,standard,113,14,2,6.542018776688958,1980-04-17,1,1,0,1110.8086906067224
764,Stuttgart,medium,elite,120,1,1,2.1729885555400448,1956-08-20,0,0,1,1267.4847356987539
765,Stuttgart,medium,remote,35,11,4,2.2732412733043024,2002-07-05,1,1,0,772.1372986210533
766,Düsseldorf,small,standard,120,17,2,18.502863066211958,1975-05-23,0,1,0,1030.471581144575
767,Frankfurt,small,remote,38,4,5,13.940946763903824,2013-04-01,1,0,1,591.3480741547104
768,Frankfurt,medium,standard,86,12,3,2.9785009685294375,2014-07-05,1,0,1,1183.6195336345772
769,Stuttgart,large,standard,60,10,1,7.4561018015236735,1980-10-09,1,0,0,1021.5266780204402
770,Frankfurt,medium,standard,50,6,3,12.05341838108113,2007-02-18,0,0,1,737.0495192057435
771,Stuttgart,medium,standard,119,1,4,16.79364824926765,2013-05-03,0,0,1,976.5211671786867
772,Düsseldorf,medium,remote,69,7,2,1.3513881099036662,2018-06-13,1,0,0,936.9265569849429
773,Hamburg,large,remote,74,16,2,5.114346063665173,2023-08-17,0,0,1,988.66021604579
774,Stuttgart,small,remote,106,14,5,17.85010531075991,2005-09-17,0,1,0,784.1516599233069
775,Munich,large,remote,78,20,2,0.6787282285844214,2024-04-24,0,0,0,949.181355231587
776,Frankfurt,small,standard,116,20,1,4.427282504480804,1953-09-02,0,0,0,1014.4900142815565
777,Stuttgart,medium,standard,49,6,4,19.200971431472837,1993-12-23,0,0,1,708.7657114420329
778,Stuttgart,small,remote,46,5,3,12.461336007182336,1970-12-18,1,1,1,682.6805311134962
779,Düsseldorf,small,elite,57,18,4,5.602591649431376,1986-09-01,0,1,0,910.4056375840853
780,Frankfurt,medium,remote,70,15,2,1.8063263407190284,2010-04-26,0,1,1,1026.3400989514462
781,Hamburg,small,remote,95,6,3,1.0497311387208321,1992-02-23,0,1,1,917.7224858105219
782,Düsseldorf,large,standard,54,19,5,5.272529052920081,1981-07-24,1,0,1,1070.827654073671
783,Hamburg,small,remote,87,1,4,17.688973481983755,1925-11-16,1,1,1,781.9752023365988
784,Düsseldorf,medium,standard,70,1,3,8.610316258801435,1970-07-01,0,1,1,992.6302936179148
785,Frankfurt,medium,standard,35,13,3,14.546500698736864,1976-02-04,0,1,0,674.7092498493543
786,Berlin,small,elite,104,3,3,18.406558189909177,2010-07-02,0,1,1,1103.5184367954378
787,Frankfurt,small,standard,67,10,1,8.456789001254924,1974-07-12,0,1,1,861.1933479047129
788,Frankfurt,medium,standard,35,3,4,4.229908735229243,2017-07-24,1,0,0,796.2286634018201
789,Hamburg,medium,standard,74,9,3,10.58379965170993,1984-02-12,0,0,0,894.5608020372413
790,Hamburg,medium,remote,104,8,4,18.207631897667163,1946-04-09,0,1,1,907.9458880764735
791,Frankfurt,medium,remote,43,3,3,16.18530107568516,1968-11-28,0,0,1,630.6059067750381
792,Frankfurt,medium,elite,95,13,5,1.7836819455814987,2007-11-17,1,0,0,1190.6743430754595
793,Frankfurt,small,standard,69,6,5,14.005169601512845,2008-01-16,0,1,0,786.4807188790869
794,Hamburg,medium,remote,32,13,5,11.652001687949598,1960-01-21,0,0,0,582.2453457529706
795,Frankfurt,large,elite,53,20,2,18.1955319387553,1986-11-14,1,0,0,966.6958459720987
796,Frankfurt,medium,elite,48,20,3,2.888387628580796,1998-07-24,0,0,1,1046.4631859336419
797,Cologne,medium,elite,47,12,2,10.913704207490804,2011-12-03,0,0,0,909.0640966286445
798,Berlin,medium,standard,93,13,4,17.6495225234819,1978-05-11,1,1,1,1036.1307349281437
799,Munich,large,elite,117,2,2,8.495463841463987,1947-12-13,0,0,0,1323.3798164602438
800,Berlin,large,remote,64,16,4,9.898900895790907,2020-10-05,0,0,0,884.794268616191
801,Cologne,medium,standard,91,6,4,1.8739832145056867,1978-08-05,0,0,0,1084.4251480632843
802,Munich,large,standard,30,19,4,5.9238009887537615,1964-08-29,0,1,1,790.479090329232
803,Düsseldorf,small,standard,54,13,2,6.8278796587944734,1993-01-10,0,0,1,752.1448886235879
804,Frankfurt,small,standard,74,17,3,18.929887750525296,2008-05-20,1,0,0,699.4791690850758
805,Cologne,large,standard,78,9,2,6.0120135305526015,2015-11-14,0,0,0,1140.2939120674482
806,Düsseldorf,large,remote,118,17,3,9.486940337758213,1921-11-09,0,1,0,1131.5881206222716
807,Frankfurt,small,remote,45,2,3,13.590436259503456,2005-09-01,0,0,1,550.9285899209843
808,Hamburg,small,standard,48,19,4,3.662575761953609,2014-09-03,0,0,1,824.2141089821257
809,Stuttgart,small,remote,52,19,2,9.985626549266552,1945-12-29,1,0,0,642.7599743798281
810,Cologne,small,remote,112,7,3,14.901511269780197,1999-11-08,0,0,1,823.0531615832376
811,Hamburg,large,remote,54,10,5,17.403676654027787,2010-12-26,0,0,0,736.4179653333537
812,Cologne,medium,elite,45,10,3,12.71205585591732,1977-11-29,1,0,1,888.6210927795075
813,Cologne,medium,elite,83,20,5,13.546543548680484,1964-08-04,0,0,0,913.3079200828925
814,Hamburg,medium,standard,102,9,2,2.9625277153990948,1959-03-28,0,0,0,1064.3609111841488
815,Munich,small,standard,30,17,2,18.94264169630377,1932-10-05,0,0,0,456.39656693613904
816,Berlin,small,standard,71,15,2,3.0851945109474057,2022-12-27,1,1,1,988.4005083159338
817,Frankfurt,medium,standard,48,2,3,15.606122275045067,1965-09-11,0,0,0,631.3272060656839
818,Cologne,large,remote,63,4,1,5.663918274677217,1952-09-08,1,0,1,1010.9440964056016
819,Frankfurt,large,remote,109,19,3,18.705066302174405,1943-09-09,1,0,0,1013.344184033684
820,Stuttgart,small,remote,84,17,3,14.53921101770485,1981-10-27,0,0,1,735.9855436559797
821,Hamburg,large,standard,47,5,4,15.199367403078195,1996-02-07,1,0,1,920.0384078862099
822,Frankfurt,large,standard,63,7,4,4.771653874667725,1941-10-22,1,0,1,1017.3796485581394
823,Hamburg,large,standard,118,18,3,9.139279544385635,2018-06-12,1,1,1,1389.4250032127784
824,Frankfurt,medium,elite,74,7,5,12.547357294491086,2017-08-09,1,0,0,1023.67269475418
825,Berlin,medium,elite,35,17,4,15.514485555028719,1974-03-30,1,1,1,821.0258674173533
826,Berlin,medium,standard,50,7,3,2.5272078302915966,2011-09-28,0,1,0,937.900296364854
827,Berlin,small,standard,99,4,1,19.266123670863305,2020-10-30,1,0,0,975.9224562314573
828,Berlin,small,remote,77,8,5,17.85930307581384,1967-06-09,1,0,1,745.1484379161532
829,Berlin,small,elite,68,13,2,5.771797514663895,2014-01-07,1,0,0,1024.4309031103826
830,Berlin,medium,remote,60,4,3,16.543824739130475,2012-01-15,0,1,1,723.5302222805802
831,Hamburg,large,standard,39,6,3,10.607316499276557,2016-10-17,0,1,1,826.0458485488116
832,Cologne,medium,standard,59,5,5,9.505226390459363,1974-07-10,0,0,1,930.4546122003985
833,Frankfurt,small,standard,47,12,4,6.6314650633224055,1935-10-22,0,0,0,777.9110938370138
834,Berlin,large,standard,89,4,4,11.828887439316054,1996-11-12,0,1,1,1210.8514642953235
835,Hamburg,large,standard,117,9,4,14.732837795220156,1989-06-27,0,0,0,1154.382325098811
836,Hamburg,large,standard,102,4,2,8.513191646773786,2000-09-27,1,0,0,1156.13636659582
837,Hamburg,large,elite,44,19,5,12.769774263661695,1987-01-21,0,0,0,871.5181224724048
838,Cologne,medium,elite,33,14,5,14.136601962528424,2010-02-10,0,0,1,713.4473519940133
839,Frankfurt,large,standard,92,5,4,14.366875431798075,1958-08-27,0,1,0,1068.962314761517
840,Cologne,small,remote,69,18,4,1.5133389135580149,2017-06-26,1,0,0,907.6505087685425
841,Munich,medium,standard,38,10,1,17.265082210858804,2009-03-11,0,0,0,653.7660462977998
842,Düsseldorf,small,remote,38,19,1,9.435939637918434,2008-07-23,1,1,0,643.7567486382294
843,Hamburg,small,standard,55,12,3,5.617113593076182,2001-06-10,1,0,0,877.1087122844486
844,Munich,small,remote,33,18,3,5.214407895853791,2004-06-13,0,0,1,563.6511554498421
845,Stuttgart,medium,remote,110,17,5,9.918775200457034,2023-02-08,0,0,1,1133.0888208314093
846,Berlin,large,standard,45,11,5,17.793215019644705,1968-10-04,0,1,1,939.6725701784255
847,Düsseldorf,medium,standard,44,3,2,7.877777842811615,1958-11-28,0,1,1,822.6666546378598
848,Berlin,small,remote,81,17,2,15.119652062279094,1941-04-24,1,1,1,754.4267661762484
849,Cologne,large,standard,98,1,1,2.387965254250763,2022-08-28,1,0,1,1330.982249777008
850,Düsseldorf,medium,standard,34,15,3,9.783105691945705,2005-08-27,1,0,1,776.2926959546
851,Frankfurt,medium,elite,49,9,1,19.837879737658344,1982-11-05,0,1,0,758.7934417700498
852,Munich,medium,remote,108,15,1,15.52353715445057,1955-05-13,1,0,1,1045.3265611316433
853,Frankfurt,small,remote,47,3,3,4.605305524591953,2024-02-11,1,0,0,750.7693141179345
854,Cologne,medium,elite,31,19,2,10.278108737109259,1974-12-06,0,0,1,815.9944928170855
855,Berlin,large,standard,42,13,3,5.055682891147048,1961-07-25,1,0,0,865.7999334021206
856,Düsseldorf,small,standard,33,12,4,8.486438081618932,2010-07-10,0,0,0,562.6593066229414
857,Frankfurt,medium,elite,71,20,4,15.711638462831813,2008-09-11,0,0,1,976.2450797926396
858,Frankfurt,large,remote,103,1,4,15.53888389816287,1972-12-29,0,0,1,989.6176092931197
859,Berlin,large,standard,90,17,5,4.94795736909651,1915-12-03,0,1,1,1149.9657797019545
860,Düsseldorf,small,elite,37,13,2,18.483354704019774,2021-08-13,0,1,1,770.7646107128023
861,Munich,small,standard,96,1,2,12.055079563914123,2010-04-30,1,1,0,1030.1081702319866
862,Berlin,small,remote,92,10,5,7.908523673759283,2011-01-10,0,0,0,894.3218972872878
863,Frankfurt,medium,elite,38,15,1,10.287743825226782,2021-04-28,0,1,1,857.0914005788693
864,Munich,medium,standard,40,7,4,12.298889442036002,2010-04-28,1,1,1,823.8515271453044
865,Munich,small,standard,71,18,4,11.417865370992816,2014-11-06,1,0,1,904.7704310630775
866,Berlin,large,elite,42,16,1,9.984898192955475,1964-09-06,0,1,1,1023.5549351210899
867,Frankfurt,medium,elite,65,14,3,10.346189679743302,1977-02-07,0,1,0,1065.6571223319481
868,Cologne,small,standard,42,18,3,3.9400322533437806,1956-11-07,0,1,1,778.6265127617656
869,Frankfurt,medium,standard,41,7,2,16.348291633941248,1989-05-24,0,0,0,767.4225388658651
870,Hamburg,medium,remote,66,17,5,11.0643262388498,2016-01-22,1,1,1,913.357627697659
871,Düsseldorf,small,remote,103,18,2,3.0560573032417104,1962-05-15,0,0,1,987.5477993470159
872,Stuttgart,small,remote,102,12,3,15.44006348086417,1988-03-02,0,0,0,772.4236178521354
873,Cologne,large,standard,81,8,1,18.68265757835834,1987-11-04,1,0,1,1031.387784810616
874,Munich,medium,remote,100,2,2,18.97248453512076,2006-04-02,0,0,0,897.8223748407662
875,Cologne,medium,standard,31,7,4,7.6958457820178685,1937-06-11,0,0,0,766.1904507094741
876,Düsseldorf,medium,standard,85,4,4,3.1425790344347035,2009-03-21,0,1,1,1143.5360571211907
877,Munich,small,elite,89,18,1,10.60879271934477,1973-02-20,1,1,1,1080.2534842098212
878,Düsseldorf,small,elite,52,6,3,2.6958799723098035,1992-09-26,0,1,0,976.907951753319
879,Munich,medium,standard,69,9,4,18.712754660996037,1988-01-24,0,1,0,721.2735205760456
880,Cologne,small,standard,93,9,4,4.079802733425347,2011-09-09,0,1,0,937.5902475904029
881,Munich,small,standard,114,14,5,5.4289342690477,2019-02-02,0,1,1,1168.2923684929424
882,Munich,large,standard,52,8,2,8.429412274256922,1998-08-21,1,0,0,964.411295070087
883,Hamburg,large,standard,58,19,3,7.971707136902952,1980-08-25,0,0,1,999.5586111871787
884,Frankfurt,large,standard,107,3,2,15.995926401758835,2014-01-13,0,1,0,1164.2611121040088
885,Frankfurt,large,standard,119,18,3,9.398178000743766,2002-05-13,1,0,0,1319.565504722756
886,Stuttgart,small,remote,80,5,4,3.8299810700650694,2022-11-29,0,1,1,840.9800482496897
887,Stuttgart,large,remote,98,14,5,5.710592961978445,1939-05-24,0,1,0,1109.9183746842
888,Hamburg,small,standard,118,4,2,10.42771101115668,2005-07-06,0,0,1,1106.9436162988125
889,Stuttgart,large,standard,60,7,4,3.3753513898096306,1995-06-19,1,1,0,1153.7740162984653
890,Düsseldorf,large,standard,79,20,3,12.427285675097275,1992-06-26,0,1,1,1176.404857981462
891,Cologne,large,remote,49,12,2,11.532072477747345,2020-02-24,0,0,0,790.8841973976458
892,Berlin,large,standard,84,2,2,14.436695169454024,2016-10-09,0,0,1,1066.3286026478188
893,Düsseldorf,medium,standard,110,11,4,18.78523999989767,1980-04-23,0,0,0,914.988976792331
894,Berlin,small,elite,31,14,2,18.288963941472534,1945-02-27,0,1,0,597.0397905283534
895,Berlin,medium,standard,54,16,5,18.948474552342212,1985-04-07,1,0,1,782.3611507762472
896,Hamburg,medium,standard,42,20,5,5.271954141962168,1965-08-30,0,0,1,861.2964361941961
897,Düsseldorf,small,remote,99,6,4,3.065523479467415,1998-11-27,0,0,0,871.7947090008444
898,Hamburg,medium,standard,96,4,3,6.394395659680746,2017-05-30,0,0,1,1133.373044390634
899,Munich,large,standard,87,15,4,17.954160868943134,1992-02-14,1,0,0,1040.3773054623996
900,Berlin,small,remote,111,1,5,19.455042755158022,2023-09-11,0,1,1,872.0911666926817
901,Cologne,large,remote,104,7,1,17.256836545874283,1990-04-01,0,0,0,993.87633299792
902,Stuttgart,large,standard,113,12,1,2.6453455619871002,1959-12-18,0,0,1,1267.4887257674868
903,Cologne,large,standard,93,10,2,18.97484596216597,1995-02-25,1,0,1,1070.299677973707
904,Stuttgart,large,standard,98,5,2,8.755481533340326,1980-11-08,1,0,1,1126.2058893770911
905,Berlin,medium,remote,112,12,1,0.6815506698658967,1981-10-15,0,0,1,1100.2867829349466
906,Berlin,large,elite,115,18,5,9.126677944589774,1939-06-19,1,0,1,1348.234813246666
907,Berlin,large,remote,88,10,2,1.398348808671618,2020-11-12,0,0,1,1079.21746244583
908,Hamburg,small,standard,89,6,4,11.105619462641792,2014-03-29,1,0,0,950.7874585030842
909,Düsseldorf,medium,standard,112,12,4,7.1018035350225,1951-04-23,0,0,0,1136.4135622893004
910,Stuttgart,large,elite,91,7,5,9.731981205083951,2024-06-30,0,1,0,1260.289913181277
911,Düsseldorf,small,standard,45,18,2,12.456822034490783,2009-06-21,0,1,1,763.702539177566
912,Hamburg,medium,standard,117,2,4,17.441621368447496,2007-02-04,0,0,0,1081.8618826070433
913,Hamburg,medium,elite,97,10,2,13.407080741202607,1983-05-08,0,0,1,1096.6763830976918
914,Frankfurt,small,standard,44,15,2,8.963952935324524,2003-11-25,1,0,0,697.7176563610358
915,Cologne,medium,remote,118,12,4,16.478843146572117,2018-09-15,1,0,1,1068.852680372621
916,Cologne,large,standard,84,17,1,18.15885168267608,2014-05-13,0,1,1,1083.099838668334
917,Munich,medium,remote,64,4,4,2.8353193454278456,2024-06-14,0,1,1,982.5390218972965
918,Hamburg,small,elite,84,7,5,10.872693062279433,1991-04-20,0,0,0,1005.3317216242106
919,Stuttgart,small,standard,43,9,3,6.047983214977661,1993-08-10,0,1,1,732.9465175248649
920,Frankfurt,medium,elite,78,19,4,1.4176933586004743,1995-02-24,0,1,0,1147.2227524076322
921,Frankfurt,large,standard,112,7,2,13.536660554722713,1972-05-28,0,1,1,1253.1842846986613
922,Düsseldorf,small,remote,36,2,2,17.3240301604549,1979-04-30,1,1,0,578.6595872983996
923,Cologne,medium,standard,59,6,4,3.676601762309184,1984-03-15,0,0,0,936.1824558121479
924,Hamburg,small,elite,112,18,3,16.34206632366606,1981-09-16,0,1,1,1092.8854451217721
925,Munich,medium,standard,78,6,4,17.141216803970362,2022-04-13,0,0,1,835.8866993388706
926,Hamburg,large,standard,118,13,3,18.329638631996428,2005-06-03,0,1,0,1138.256794867756
927,Düsseldorf,large,standard,45,19,3,5.673059237178022,1982-07-01,0,0,0,911.9010833441905
928,Berlin,small,remote,80,2,5,18.127084771202842,2007-05-15,0,1,1,748.3404312591889
929,Hamburg,medium,remote,101,12,2,6.752923717360429,1987-08-07,0,0,0,915.0367941546764
930,Düsseldorf,small,standard,111,15,2,11.270591262382306,1973-01-09,1,0,0,1020.0225679206405
931,Berlin,medium,standard,109,14,3,1.4848956812295016,2021-12-15,1,1,1,1331.2122610362942
932,Berlin,medium,standard,112,6,2,1.3556812231905002,1976-10-04,0,0,0,1115.8818548927377
933,Munich,small,elite,71,18,1,14.547277648277957,1979-01-09,0,0,1,923.2770836074412
934,Stuttgart,small,standard,46,5,3,9.167359570566925,2023-01-12,0,0,1,699.9498468663396
935,Cologne,medium,standard,92,18,2,5.497701319699742,1986-09-28,1,1,0,1189.9036424318351
936,Hamburg,large,standard,74,3,1,4.213063172485748,2020-05-26,1,0,1,1130.1967459863474
937,Berlin,large,standard,106,3,5,13.564093071754753,1997-03-07,0,0,1,1110.5277951382436
938,Hamburg,small,elite,36,10,2,0.5078301084941275,1993-12-30,0,1,0,827.5148494229728
939,Stuttgart,large,standard,56,19,1,16.21487779933866,1993-09-11,0,1,0,888.5938158527474
940,Cologne,medium,elite,39,3,4,2.0453673195336117,2021-01-24,0,0,0,904.6223314660898
941,Stuttgart,medium,elite,63,12,4,4.234047490708329,1937-04-03,1,0,0,1019.359454014261
942,Cologne,large,remote,65,16,1,8.031609708332248,1935-11-07,0,0,0,867.882160400487
943,Frankfurt,large,elite,54,17,3,9.95474542446402,1969-01-17,0,0,1,1015.3935772655398
944,Cologne,large,standard,35,7,3,7.422404758371866,1981-09-25,1,0,1,906.970332718681
945,Munich,medium,elite,53,13,2,6.753887217193731,1959-10-22,0,1,0,870.4998078679329
946,Stuttgart,medium,remote,47,2,4,19.296362235427175,2020-03-20,1,1,1,730.621278446252
947,Berlin,large,standard,116,4,3,13.010803784246189,2020-02-25,1,0,0,1244.4317972729546
948,Frankfurt,small,standard,35,10,3,0.9569426296640701,2015-06-26,1,0,0,842.4452227275028
949,Munich,medium,standard,58,7,4,8.888430214664107,1962-08-04,1,1,1,894.137439490661
950,Hamburg,medium,remote,54,17,5,17.562669645007418,1939-06-26,0,0,0,512.4585371249501
951,Stuttgart,medium,remote,84,20,3,6.378395635008025,1998-02-08,0,0,0,925.1194683464219
952,Düsseldorf,small,standard,110,6,1,2.3438487231005705,1950-10-04,0,0,1,1087.8878636846443
953,Düsseldorf,small,remote,75,19,2,15.288503046003397,2021-01-03,0,0,0,621.1933185134088
954,Berlin,large,remote,53,5,3,12.317269722753585,1930-06-11,1,0,1,749.3398550222596
955,Cologne,small,remote,104,10,3,11.621093902616826,2021-10-30,1,1,1,1050.1588975080463
956,Berlin,medium,standard,55,9,5,1.5447429123444545,2014-03-03,0,0,0,976.2580904068946
957,Düsseldorf,small,standard,57,13,1,3.239730691012588,1935-08-02,0,0,0,634.7298551545675
958,Hamburg,small,standard,32,19,2,12.639713226155719,2021-06-13,1,0,0,610.1917162756178
959,Frankfurt,small,remote,104,6,3,4.552564908447298,2024-02-19,0,0,0,1008.683953654722
960,Frankfurt,small,standard,67,4,2,10.329366555094275,1955-11-08,0,0,0,724.403206560164
961,Stuttgart,large,standard,90,3,4,11.125192877573173,2021-08-29,0,1,1,1133.7174595229355
962,Frankfurt,small,standard,107,3,3,6.028390210283319,1989-03-18,0,1,0,1034.0781315156983
963,Stuttgart,large,remote,80,4,3,18.99429053305911,1930-12-28,1,0,0,808.0122459810009
964,Stuttgart,medium,remote,119,5,4,16.928050083293716,2013-03-11,0,1,1,955.9807119556606
965,Stuttgart,medium,elite,77,8,5,14.586283398839571,2010-04-27,1,1,1,1155.7645315483417
966,Düsseldorf,medium,remote,50,16,3,2.020880394983477,1954-08-30,0,0,0,653.6443507377815
967,Düsseldorf,medium,standard,83,3,2,2.569535376525879,1956-06-15,1,0,0,1068.6682188401792
968,Cologne,large,remote,85,12,1,10.109236244366636,2007-07-05,0,1,0,1050.7366121942161
969,Munich,small,standard,88,8,2,3.6339103092242206,2006-06-24,1,0,0,923.0995819626999
970,Stuttgart,medium,standard,101,13,5,19.576176538824743,2017-03-25,0,0,0,910.524814481999
971,Stuttgart,large,remote,80,4,1,3.5911445635344843,2018-01-03,0,0,0,1072.7475137842346
972,Munich,large,standard,49,14,2,10.005622791547493,1996-05-30,0,0,0,908.5883580958771
973,Berlin,large,remote,115,14,2,7.600360608409356,2006-08-30,0,0,1,1140.1321085719621
974,Stuttgart,medium,standard,88,13,4,12.96803521835491,1997-07-30,0,1,0,1047.9320979845095
975,Cologne,large,standard,100,6,5,3.016209973343786,1964-11-06,0,1,0,1291.1646864392774
976,Frankfurt,medium,standard,38,17,4,8.891170346826623,2000-06-03,0,0,0,753.5409311825191
977,Frankfurt,medium,standard,30,4,1,5.856748139739301,1988-05-07,0,0,0,679.4245072089238
978,Hamburg,small,standard,58,8,4,17.81115473109792,2006-07-29,0,0,1,663.2160175154311
979,Hamburg,medium,elite,92,17,5,1.291421386626554,2019-02-02,0,0,1,1239.905123331504
980,Frankfurt,small,standard,101,3,3,18.317686133125957,2000-02-18,0,0,1,881.3933972113659
981,Frankfurt,medium,elite,85,17,3,16.74338570178351,1990-04-20,0,0,1,1068.5140018939076
982,Düsseldorf,large,remote,97,9,1,6.302628970595901,1930-04-20,0,1,1,1019.4850062885741
983,Cologne,small,remote,64,2,3,15.89116776620354,2015-04-26,0,1,0,572.8751458846526
984,Munich,small,standard,32,13,4,1.1086644266055774,1983-02-18,0,0,1,718.4569113080657
985,Hamburg,small,remote,36,20,1,19.353878230721175,2013-02-22,1,1,1,527.383997002443
986,Düsseldorf,large,standard,56,2,5,10.768601380500892,2021-06-20,0,1,0,930.461555460104
987,Düsseldorf,medium,standard,30,20,1,6.413980008276183,1988-07-14,0,0,0,630.4573639585183
988,Munich,medium,remote,120,11,1,7.570372645596203,1983-11-09,0,0,1,1085.773565783947
989,Düsseldorf,large,remote,109,15,2,1.7949043924796986,2018-01-18,0,0,0,1172.4132006751647
990,Cologne,large,standard,100,11,2,19.792315523819763,1985-07-15,1,1,0,1156.2507938593894
991,Frankfurt,medium,remote,73,3,1,1.266192930438503,2008-06-13,0,1,1,968.7833773516636
992,Stuttgart,medium,standard,116,3,3,13.27068890138325,1926-05-20,0,1,1,1112.6629070741426
993,Munich,large,remote,70,12,2,9.133350590275937,1976-12-27,0,0,0,944.5165259367575
994,Frankfurt,medium,elite,104,5,5,19.003866254679945,1983-06-01,1,1,0,1084.837972280773
995,Frankfurt,small,standard,71,20,4,5.2969949359825055,2021-12-28,0,0,0,878.3495115825538
996,Berlin,large,standard,62,7,2,10.875693066791221,1996-11-10,0,0,1,884.6857110923204
997,Munich,medium,standard,79,7,1,9.905946067363683,1953-06-08,1,0,1,949.5224453263228
998,Düsseldorf,small,elite,92,13,3,14.205895658976976,2011-06-27,0,1,0,941.8081867790645
999,Stuttgart,medium,remote,66,9,4,1.8261995230722,2006-07-03,1,0,1,972.8351315418738
1000,Munich,small,elite,88,13,2,4.27888803545542,1987-05-04,0,0,1,1056.440607965676
1001,Düsseldorf,small,standard,110,12,3,4.684013991810572,1979-04-16,1,0,0,1080.9846978522455
1002,Frankfurt,large,standard,77,13,3,14.893939719412948,2023-07-26,1,0,1,1011.223953419398
1003,Stuttgart,small,standard,34,10,3,4.1882045783714315,2024-05-15,0,1,0,704.1332794196412
1004,Düsseldorf,medium,standard,77,1,1,11.683089395874045,2000-07-25,1,0,0,918.9958408758039
1005,Cologne,medium,standard,32,8,5,4.697254499768597,2009-03-31,1,1,1,895.7002057450248
1006,Düsseldorf,small,elite,76,16,3,17.301686526637578,1928-05-15,0,1,0,800.4285779670435
1007,Berlin,large,elite,91,13,4,18.87261636254795,1994-10-26,0,1,1,1238.7635546347742
1008,Frankfurt,small,standard,43,3,2,10.610613011373689,2022-11-21,0,0,0,575.1148474050584
1009,Düsseldorf,medium,remote,92,3,4,7.370023242078976,1984-04-29,0,0,1,906.9737759563823
1010,Hamburg,medium,remote,90,5,1,5.064126612841233,1903-04-16,0,1,1,1043.7187593698925
1011,Hamburg,small,elite,60,11,1,1.4707295296993534,1985-11-09,0,0,0,895.0357673049047
1012,Berlin,small,standard,46,7,4,5.73575148585116,2014-01-17,1,1,1,772.8985519212678
1013,Cologne,large,elite,53,10,5,13.2575977089337,2012-11-12,1,0,0,1038.3776010375466
1014,Frankfurt,large,elite,52,10,1,10.905530160529612,2019-08-27,0,1,1,1045.6750862839767
1015,Munich,small,standard,111,20,1,18.908804926478084,1936-04-09,0,1,1,901.1184379543039
1016,Berlin,medium,standard,79,2,4,8.227406618588162,1983-06-28,0,0,0,888.4323932741826
1017,Cologne,large,elite,107,3,1,14.030335175403692,2009-12-09,0,1,1,1446.6153285272603
1018,Munich,large,standard,108,8,5,10.041793575764867,2002-08-11,0,0,1,1197.0044692331446
1019,Hamburg,medium,elite,108,11,5,10.495236210522128,1972-07-06,1,1,0,1153.769269878135
1020,Hamburg,medium,remote,99,13,5,5.721599134780291,2007-03-31,1,0,0,1104.9694966024738
1021,Munich,medium,remote,56,7,2,9.371540148418994,1996-12-23,0,1,0,793.8381437713387
1022,Berlin,large,elite,44,13,5,9.680307441747791,1942-04-13,0,0,0,894.8736040315328
1023,Hamburg,large,standard,79,2,5,14.279529174104212,2023-04-27,0,0,1,986.0487538246508
1024,Frankfurt,small,remote,65,6,2,18.84247998412922,2020-09-03,1,1,0,709.2488399666194
1025,Stuttgart,medium,remote,37,9,3,6.921764910908833,1969-12-21,0,0,1,656.9364345164389
1026,Düsseldorf,large,standard,108,20,1,1.3229091373353197,1955-08-28,0,1,0,1186.9720177043916
1027,Munich,large,elite,32,2,5,10.177754947262475,1983-11-29,1,0,1,1058.0844487576087
1028,Munich,large,elite,91,18,1,11.116995976908788,1965-04-03,0,1,0,1183.6305171201143
1029,Hamburg,large,standard,76,16,4,3.784590747072347,1989-09-04,0,0,0,1150.4326793533978
1030,Berlin,medium,standard,106,12,1,15.3290598223833,2007-07-27,0,0,0,1083.1311496744527
1031,Frankfurt,medium,elite,117,7,2,19.706117614609088,1906-06-18,0,0,0,1029.8883466297684
1032,Berlin,medium,standard,90,7,1,18.942606981664987,1993-01-22,1,0,0,997.7334234015076
